,milage,action,milage_bin,next_milage_bin
0,23,0,1,1
1,31,0,1,1
2,36,0,1,2
3,46,0,2,2
4,56,0,2,2
5,66,0,2,3
6,75,0,3,3
7,85,0,3,3
8,86,0,3,4
9,95,0,4,4
10,106,0,4,5
11,124,0,5,6
12,135,0,6,0
14,9,0,0,0
15,18,0,0,1
16,28,0,1,1
17,44,0,1,2
18,54,0,2,2
19,64,0,2,3
20,71,0,3,3
21,77,0,3,4
22,94,0,4,4
23,96,0,4,4
24,109,0,4,5
25,113,0,5,0
27,8,0,0,0
28,12,0,0,0
29,18,0,0,0
30,21,0,0,1
31,35,0,1,2
32,50,0,2,2
33,56,0,2,2
34,61,0,2,3
35,74,0,3,3
36,88,0,3,4
37,102,0,4,0
39,5,0,0,0
40,20,0,0,1
41,31,0,1,2
42,54,0,2,2
43,60,0,2,3
44,71,0,3,3
45,82,0,3,4
46,89,0,4,4
47,97,0,4,4
48,107,0,4,0
50,6,0,0,0
51,15,0,0,0
52,22,0,0,1
53,31,0,1,2
54,47,0,2,2
55,61,0,2,3
56,69,0,3,3
57,77,0,3,3
58,81,0,3,3
59,88,0,3,4
60,103,0,4,5
61,111,0,5,5
62,114,0,5,0
64,18,0,0,1
65,28,0,1,1
66,38,0,1,2
67,63,0,2,3
68,80,0,3,4
69,105,0,4,5
70,115,0,5,5
71,124,0,5,5
72,132,0,5,6
73,141,0,6,6
74,151,0,6,0
76,10,0,0,0
77,14,0,0,1
78,24,0,1,1
79,43,0,1,2
80,61,0,2,3
81,70,0,3,3
82,77,0,3,4
83,96,0,4,0
85,10,0,0,0
86,14,0,0,0
87,22,0,0,1
88,36,0,1,1
89,44,0,1,2
90,52,0,2,2
91,60,0,2,2
92,66,0,2,3
93,77,0,3,3
94,78,0,3,3
95,88,0,3,5
96,117,0,5,5
97,118,0,5,5
98,125,0,5,6
99,142,0,6,0
101,2,0,0,0
102,6,0,0,0
103,13,0,0,1
104,24,0,1,1
105,35,0,1,2
106,57,0,2,2
107,63,0,2,3
108,76,0,3,0
110,3,0,0,0
111,12,0,0,0
112,16,0,0,1
113,27,0,1,1
114,41,0,1,2
115,50,0,2,2
116,61,0,2,3
117,77,0,3,3
118,81,0,3,3
119,84,0,3,4
120,98,0,4,4
121,108,0,4,5
122,115,0,5,5
123,127,0,5,5
124,128,0,5,0
126,16,0,0,1
127,23,0,1,1
128,32,0,1,1
129,40,0,1,2
130,46,0,2,2
131,53,0,2,2
132,65,0,2,0
134,8,0,0,0
135,18,0,0,1
136,28,0,1,1
137,31,0,1,1
138,37,0,1,2
139,46,0,2,2
140,49,0,2,2
141,66,0,2,3
142,79,0,3,4
143,90,0,4,4
144,101,0,4,5
145,111,0,5,5
146,126,0,5,0
148,15,0,0,1
149,23,0,1,2
150,46,0,2,2
151,49,0,2,2
152,57,0,2,3
153,71,0,3,3
154,78,0,3,0
156,16,0,0,0
157,22,0,0,1
158,33,0,1,1
159,39,0,1,2
160,49,0,2,3
161,67,0,3,3
162,79,0,3,4
163,89,0,4,4
164,94,0,4,4
165,102,0,4,4
166,109,0,4,0
168,4,0,0,0
169,7,0,0,0
170,15,0,0,0
171,18,0,0,1
172,27,0,1,1
173,33,0,1,1
174,43,0,1,2
175,59,0,2,3
176,73,0,3,3
177,83,0,3,4
178,94,0,4,4
179,104,0,4,5
180,115,0,5,5
181,123,0,5,5
182,131,0,5,6
183,146,0,6,0
185,6,0,0,0
186,18,0,0,1
187,25,0,1,1
188,25,0,1,1
189,27,0,1,1
190,40,0,1,2
191,49,0,2,2
192,62,0,2,3
193,77,0,3,3
194,88,0,3,4
195,99,0,4,5
196,116,0,5,5
197,123,0,5,0
199,3,0,0,0
200,13,0,0,1
201,25,0,1,1
202,35,0,1,2
203,46,0,2,2
204,51,0,2,2
205,58,0,2,2
206,61,0,2,3
207,70,0,3,4
208,89,0,4,4
209,93,0,4,4
210,102,0,4,5
211,112,0,5,0
213,9,0,0,1
214,24,0,1,1
215,33,0,1,1
216,44,0,1,2
217,54,0,2,3
218,70,0,3,3
219,83,0,3,4
220,92,0,4,0
222,9,0,0,0
223,17,0,0,1
224,26,0,1,1
225,39,0,1,2
226,53,0,2,2
227,59,0,2,2
228,63,0,2,3
229,78,0,3,4
230,95,0,4,4
231,107,0,4,4
232,110,0,4,5
233,128,0,5,0
235,6,0,0,0
236,13,0,0,1
237,27,0,1,1
238,42,0,1,2
239,48,0,2,2
240,63,0,2,3
241,67,0,3,3
242,82,0,3,4
243,91,0,4,4
244,103,0,4,5
245,118,0,5,5
246,128,0,5,6
247,139,0,6,0
249,4,0,0,0
250,9,0,0,1
251,31,0,1,2
252,45,0,2,2
253,56,0,2,2
254,66,0,2,0
256,15,0,0,0
257,22,0,0,1
258,37,0,1,2
259,45,0,2,2
260,64,0,2,3
261,78,0,3,3
262,87,0,3,4
263,90,0,4,4
264,101,0,4,0
266,3,0,0,0
267,10,0,0,0
268,19,0,0,1
269,37,0,1,2
270,50,0,2,2
271,58,0,2,2
272,62,0,2,3
273,72,0,3,3
274,82,0,3,0
276,10,0,0,0
277,14,0,0,1
278,26,0,1,1
279,30,0,1,1
280,35,0,1,2
281,46,0,2,2
282,54,0,2,2
283,63,0,2,3
284,82,0,3,4
285,95,0,4,4
286,104,0,4,5
287,112,0,5,5
288,118,0,5,5
289,126,0,5,6
290,138,0,6,0
292,11,0,0,0
293,16,0,0,1
294,30,0,1,1
295,37,0,1,1
296,43,0,1,2
297,52,0,2,2
298,54,0,2,2
299,66,0,2,3
300,82,0,3,4
301,97,0,4,4
302,108,0,4,5
303,121,0,5,5
304,126,0,5,5
305,131,0,5,6
306,140,0,6,0
308,11,0,0,1
309,24,0,1,1
310,27,0,1,1
311,33,0,1,1
312,41,0,1,2
313,49,0,2,2
314,57,0,2,3
315,68,0,3,3
316,83,0,3,4
317,90,0,4,0
319,8,0,0,0
320,19,0,0,1
321,24,0,1,1
322,37,0,1,2
323,45,0,2,2
324,51,0,2,2
325,55,0,2,2
326,65,0,2,0
328,12,0,0,1
329,25,0,1,1
330,32,0,1,2
331,45,0,2,2
332,55,0,2,3
333,79,0,3,4
334,92,0,4,4
335,104,0,4,4
336,106,0,4,5
337,117,0,5,6
338,135,0,6,6
339,145,0,6,6
340,152,0,6,7
341,163,0,7,7
342,176,0,7,8
343,189,0,8,0
345,8,0,0,0
346,18,0,0,1
347,30,0,1,1
348,40,0,1,2
349,51,0,2,2
350,60,0,2,3
351,76,0,3,4
352,89,0,4,0
354,8,0,0,1
355,25,0,1,1
356,33,0,1,2
357,45,0,2,2
358,53,0,2,3
359,69,0,3,0
361,8,0,0,0
362,22,0,0,1
363,28,0,1,1
364,32,0,1,1
365,40,0,1,2
366,53,0,2,3
367,67,0,3,3
368,77,0,3,3
369,86,0,3,4
370,94,0,4,4
371,104,0,4,5
372,119,0,5,5
373,131,0,5,6
374,143,0,6,6
375,154,0,6,7
376,164,0,7,7
377,170,0,7,8
378,182,0,8,8
379,191,0,8,9
380,200,0,9,0
382,7,0,0,1
383,24,0,1,1
384,42,0,1,2
385,46,0,2,2
386,50,0,2,2
387,56,0,2,2
388,66,0,2,3
389,74,0,3,3
390,76,0,3,4
391,90,0,4,4
392,99,0,4,5
393,114,0,5,5
394,123,0,5,5
395,130,0,5,6
396,136,0,6,6
397,142,0,6,6
398,151,0,6,7
399,161,0,7,7
400,167,0,7,8
401,181,0,8,0
403,10,0,0,0
404,16,0,0,1
405,26,0,1,1
406,38,0,1,1
407,40,0,1,2
408,47,0,2,2
409,57,0,2,3
410,69,0,3,3
411,82,0,3,4
412,92,0,4,4
413,99,0,4,4
414,107,0,4,0
416,7,0,0,1
417,24,0,1,1
418,32,0,1,1
419,44,0,1,2
420,60,0,2,3
421,69,0,3,3
422,77,0,3,3
423,84,0,3,4
424,95,0,4,4
425,101,0,4,5
426,111,0,5,5
427,120,0,5,5
428,125,0,5,6
429,140,0,6,0
431,12,0,0,1
432,30,0,1,2
433,48,0,2,2
434,60,0,2,3
435,74,0,3,3
436,81,0,3,4
437,91,0,4,0
439,9,0,0,0
440,12,0,0,0
441,17,0,0,1
442,26,0,1,1
443,37,0,1,2
444,50,0,2,2
445,55,0,2,2
446,65,0,2,1
448,24,0,1,1
449,34,0,1,2
450,51,0,2,2
451,66,0,2,3
452,73,0,3,3
453,82,0,3,3
454,86,0,3,4
455,95,0,4,0
457,8,0,0,0
458,14,0,0,0
459,22,0,0,1
460,33,0,1,1
461,37,0,1,2
462,49,0,2,2
463,59,0,2,3
464,73,0,3,3
465,84,0,3,0
467,14,0,0,0
468,19,0,0,1
469,28,0,1,1
470,35,0,1,2
471,47,0,2,2
472,54,0,2,0
474,10,0,0,1
475,24,0,1,1
476,36,0,1,2
477,45,0,2,2
478,60,0,2,3
479,70,0,3,3
480,82,0,3,4
481,97,0,4,4
482,105,0,4,5
483,117,0,5,6
484,133,0,6,6
485,139,0,6,6
486,150,0,6,7
487,161,0,7,7
488,170,0,7,8
489,177,0,8,0
491,6,0,0,0
492,14,0,0,1
493,29,0,1,1
494,37,0,1,2
495,49,0,2,2
496,61,0,2,3
497,72,0,3,3
498,83,0,3,3
499,88,0,3,4
500,96,0,4,0
502,21,0,0,1
503,31,0,1,1
504,40,0,1,2
505,47,0,2,2
506,55,0,2,2
507,61,0,2,3
508,68,0,3,3
509,76,0,3,4
510,89,0,4,4
511,95,0,4,4
512,106,0,4,5
513,116,0,5,5
514,126,0,5,5
515,130,0,5,6
516,141,0,6,0
518,5,0,0,1
519,24,0,1,1
520,25,0,1,1
521,33,0,1,1
522,34,0,1,1
523,39,0,1,1
524,42,0,1,2
525,63,0,2,3
526,67,0,3,3
527,80,0,3,3
528,86,0,3,0
530,14,0,0,1
531,24,0,1,1
532,32,0,1,1
533,43,0,1,2
534,58,0,2,2
535,63,0,2,3
536,75,0,3,4
537,94,0,4,0
539,7,0,0,0
540,17,0,0,0
541,21,0,0,1
542,31,0,1,1
543,40,0,1,2
544,52,0,2,2
545,64,0,2,3
546,77,0,3,3
547,85,0,3,4
548,99,0,4,5
549,111,0,5,0
551,14,0,0,1
552,23,0,1,1
553,29,0,1,1
554,34,0,1,1
555,42,0,1,2
556,59,0,2,3
557,68,0,3,4
558,89,0,4,4
559,99,0,4,0
561,11,0,0,0
562,21,0,0,1
563,33,0,1,2
564,47,0,2,2
565,54,0,2,2
566,63,0,2,3
567,73,0,3,3
568,84,0,3,4
569,99,0,4,4
570,102,0,4,0
572,10,0,0,0
573,18,0,0,1
574,28,0,1,1
575,34,0,1,2
576,46,0,2,2
577,58,0,2,2
578,66,0,2,3
579,74,0,3,3
580,77,0,3,3
581,86,0,3,4
582,99,0,4,4
583,106,0,4,5
584,114,0,5,5
585,119,0,5,5
586,129,0,5,6
587,134,0,6,6
588,140,0,6,6
589,148,0,6,7
590,156,0,7,7
591,170,0,7,8
592,178,0,8,0
594,12,0,0,1
595,25,0,1,1
596,38,0,1,2
597,48,0,2,2
598,61,0,2,3
599,78,0,3,0
601,11,0,0,1
602,25,0,1,1
603,39,0,1,1
604,42,0,1,2
605,48,0,2,2
606,59,0,2,3
607,74,0,3,3
608,88,0,3,4
609,99,0,4,4
610,110,0,4,0
612,8,0,0,0
613,17,0,0,1
614,26,0,1,1
615,39,0,1,2
616,50,0,2,2
617,55,0,2,2
618,61,0,2,3
619,71,0,3,3
620,78,0,3,4
621,97,0,4,5
622,117,0,5,5
623,131,0,5,6
624,143,0,6,6
625,145,0,6,7
626,161,0,7,7
627,174,0,7,8
628,188,0,8,0
630,15,0,0,1
631,28,0,1,1
632,31,0,1,1
633,43,0,1,2
634,58,0,2,3
635,74,0,3,3
636,80,0,3,3
637,86,0,3,0
639,12,0,0,1
640,23,0,1,1
641,35,0,1,1
642,40,0,1,2
643,49,0,2,2
644,55,0,2,2
645,61,0,2,3
646,67,0,3,3
647,75,0,3,3
648,85,0,3,4
649,93,0,4,4
650,109,0,4,5
651,119,0,5,6
652,134,0,6,6
653,141,0,6,0
655,13,0,0,0
656,20,0,0,1
657,27,0,1,1
658,40,0,1,2
659,46,0,2,2
660,56,0,2,3
661,78,0,3,4
662,90,0,4,0
664,6,0,0,0
665,9,0,0,1
666,25,0,1,1
667,36,0,1,2
668,47,0,2,2
669,55,0,2,2
670,63,0,2,3
671,71,0,3,3
672,75,0,3,4
673,91,0,4,4
674,98,0,4,4
675,109,0,4,0
677,7,0,0,0
678,13,0,0,0
679,17,0,0,1
680,27,0,1,1
681,35,0,1,2
682,51,0,2,2
683,62,0,2,2
684,66,0,2,3
685,76,0,3,3
686,86,0,3,4
687,100,0,4,0
689,18,0,0,1
690,25,0,1,1
691,33,0,1,1
692,36,0,1,2
693,50,0,2,2
694,58,0,2,0
696,12,0,0,0
697,17,0,0,1
698,30,0,1,1
699,39,0,1,0
701,5,0,0,0
702,18,0,0,1
703,28,0,1,1
704,39,0,1,2
705,50,0,2,2
706,64,0,2,3
707,77,0,3,4
708,91,0,4,4
709,99,0,4,4
710,110,0,4,5
711,120,0,5,5
712,125,0,5,6
713,139,0,6,0
715,3,0,0,0
716,17,0,0,1
717,25,0,1,1
718,34,0,1,1
719,41,0,1,2
720,55,0,2,2
721,65,0,2,0
723,11,0,0,1
724,28,0,1,1
725,40,0,1,2
726,59,0,2,2
727,66,0,2,3
728,80,0,3,4
729,97,0,4,4
730,105,0,4,0
732,8,0,0,0
733,16,0,0,1
734,23,0,1,1
735,26,0,1,1
736,37,0,1,2
737,45,0,2,2
738,59,0,2,3
739,70,0,3,3
740,76,0,3,3
741,84,0,3,4
742,103,0,4,4
743,108,0,4,5
744,116,0,5,5
745,122,0,5,1
747,24,0,1,1
748,27,0,1,1
749,33,0,1,1
750,44,0,1,2
751,52,0,2,2
752,65,0,2,3
753,75,0,3,3
754,83,0,3,4
755,95,0,4,0
757,9,0,0,1
758,26,0,1,1
759,40,0,1,2
760,50,0,2,3
761,68,0,3,3
762,73,0,3,3
763,84,0,3,4
764,102,0,4,4
765,109,0,4,5
766,123,0,5,5
767,132,0,5,6
768,146,0,6,6
769,154,0,6,0
771,4,0,0,0
772,18,0,0,1
773,36,0,1,1
774,44,0,1,2
775,48,0,2,2
776,58,0,2,0
778,16,0,0,1
779,27,0,1,1
780,33,0,1,1
781,41,0,1,2
782,56,0,2,2
783,64,0,2,3
784,74,0,3,3
785,85,0,3,4
786,94,0,4,4
787,98,0,4,5
788,113,0,5,5
789,116,0,5,6
790,133,0,6,6
791,142,0,6,6
792,149,0,6,7
793,163,0,7,7
794,171,0,7,0
796,6,0,0,0
797,8,0,0,0
798,16,0,0,1
799,41,0,1,2
800,51,0,2,2
801,54,0,2,2
802,61,0,2,2
803,64,0,2,3
804,70,0,3,3
805,78,0,3,4
806,100,0,4,5
807,111,0,5,5
808,122,0,5,6
809,134,0,6,6
810,146,0,6,7
811,157,0,7,7
812,166,0,7,7
813,172,0,7,0
815,10,0,0,0
816,19,0,0,1
817,34,0,1,2
818,53,0,2,2
819,59,0,2,2
820,66,0,2,3
821,78,0,3,3
822,84,0,3,4
823,97,0,4,4
824,105,0,4,0
826,16,0,0,0
827,22,0,0,1
828,38,0,1,2
829,50,0,2,2
830,62,0,2,3
831,68,0,3,0
833,5,0,0,0
834,12,0,0,1
835,25,0,1,1
836,34,0,1,2
837,48,0,2,2
838,53,0,2,2
839,64,0,2,3
840,69,0,3,0
842,5,0,0,0
843,16,0,0,0
844,20,0,0,1
845,26,0,1,1
846,38,0,1,1
847,42,0,1,2
848,52,0,2,2
849,60,0,2,2
850,66,0,2,3
851,76,0,3,4
852,91,0,4,4
853,101,0,4,5
854,113,0,5,5
855,116,0,5,5
856,123,0,5,6
857,138,0,6,6
858,147,0,6,0
860,15,0,0,1
861,28,0,1,1
862,42,0,1,2
863,51,0,2,2
864,62,0,2,2
865,66,0,2,3
866,74,0,3,3
867,83,0,3,4
868,96,0,4,4
869,108,0,4,0
871,7,0,0,0
872,18,0,0,1
873,28,0,1,1
874,33,0,1,2
875,49,0,2,2
876,62,0,2,3
877,76,0,3,3
878,83,0,3,4
879,90,0,4,4
880,99,0,4,4
881,106,0,4,5
882,114,0,5,6
883,140,0,6,0
885,11,0,0,0
886,16,0,0,1
887,37,0,1,2
888,47,0,2,3
889,67,0,3,3
890,75,0,3,3
891,84,0,3,0
893,6,0,0,0
894,10,0,0,0
895,15,0,0,0
896,18,0,0,1
897,23,0,1,1
898,32,0,1,1
899,40,0,1,2
900,59,0,2,2
901,63,0,2,3
902,73,0,3,3
903,77,0,3,0
905,17,0,0,1
906,29,0,1,1
907,35,0,1,1
908,42,0,1,2
909,53,0,2,3
910,74,0,3,3
911,85,0,3,4
912,90,0,4,4
913,100,0,4,0
915,9,0,0,1
916,23,0,1,1
917,31,0,1,2
918,45,0,2,2
919,48,0,2,2
920,59,0,2,3
921,72,0,3,3
922,79,0,3,3
923,82,0,3,4
924,93,0,4,4
925,99,0,4,4
926,110,0,4,5
927,120,0,5,6
928,137,0,6,0
930,12,0,0,1
931,23,0,1,1
932,31,0,1,2
933,45,0,2,2
934,57,0,2,2
935,61,0,2,0
937,10,0,0,0
938,18,0,0,1
939,23,0,1,1
940,25,0,1,1
941,29,0,1,1
942,38,0,1,2
943,47,0,2,2
944,60,0,2,3
945,71,0,3,3
946,77,0,3,3
947,85,0,3,4
948,93,0,4,4
949,102,0,4,0
951,12,0,0,1
952,25,0,1,1
953,34,0,1,1
954,40,0,1,2
955,47,0,2,2
956,60,0,2,2
957,65,0,2,3
958,79,0,3,3
959,84,0,3,4
960,95,0,4,0
962,3,0,0,0
963,21,0,0,1
964,26,0,1,1
965,34,0,1,2
966,49,0,2,2
967,52,0,2,2
968,59,0,2,3
969,78,0,3,3
970,86,0,3,4
971,93,0,4,4
972,105,0,4,4
973,108,0,4,4
974,110,0,4,5
975,122,0,5,5
976,128,0,5,6
977,138,0,6,6
978,149,0,6,7
979,156,0,7,0
981,13,0,0,1
982,29,0,1,1
983,36,0,1,2
984,47,0,2,2
985,55,0,2,3
986,68,0,3,3
987,78,0,3,4
988,95,0,4,4
989,99,0,4,5
990,113,0,5,5
991,120,0,5,0
993,5,0,0,0
994,12,0,0,0
995,19,0,0,1
996,29,0,1,1
997,37,0,1,2
998,50,0,2,3
999,75,0,3,3
1000,82,0,3,4
1001,92,0,4,4
1002,100,0,4,0
1004,9,0,0,0
1005,16,0,0,0
1006,22,0,0,1
1007,28,0,1,1
1008,39,0,1,2
1009,49,0,2,2
1010,59,0,2,2
1011,61,0,2,3
1012,75,0,3,3
1013,83,0,3,4
1014,98,0,4,4
1015,105,0,4,5
1016,116,0,5,5
1017,131,0,5,0
1019,8,0,0,0
1020,16,0,0,1
1021,25,0,1,1
1022,32,0,1,1
1023,44,0,1,2
1024,61,0,2,3
1025,81,0,3,4
1026,89,0,4,4
1027,98,0,4,4
1028,106,0,4,5
1029,114,0,5,0
1031,10,0,0,0
1032,17,0,0,1
1033,36,0,1,2
1034,47,0,2,2
1035,52,0,2,2
1036,58,0,2,2
1037,63,0,2,3
1038,68,0,3,3
1039,75,0,3,3
1040,81,0,3,4
1041,93,0,4,4
1042,100,0,4,5
1043,117,0,5,5
1044,125,0,5,5
1045,131,0,5,0
1047,17,0,0,1
1048,28,0,1,1
1049,36,0,1,2
1050,46,0,2,2
1051,56,0,2,2
1052,62,0,2,3
1053,75,0,3,3
1054,80,0,3,0
1056,14,0,0,1
1057,29,0,1,1
1058,33,0,1,2
1059,48,0,2,2
1060,57,0,2,3
1061,77,0,3,3
1062,86,0,3,4
1063,99,0,4,0
1065,8,0,0,0
1066,20,0,0,1
1067,29,0,1,0
1069,5,0,0,0
1070,15,0,0,0
1071,21,0,0,1
1072,24,0,1,1
1073,31,0,1,1
1074,43,0,1,1
1075,44,0,1,2
1076,52,0,2,3
1077,69,0,3,3
1078,79,0,3,3
1079,87,0,3,4
1080,90,0,4,4
1081,108,0,4,5
1082,116,0,5,5
1083,127,0,5,0
1085,15,0,0,0
1086,20,0,0,1
1087,32,0,1,1
1088,42,0,1,2
1089,57,0,2,3
1090,70,0,3,3
1091,78,0,3,3
1092,87,0,3,4
1093,95,0,4,4
1094,104,0,4,4
1095,108,0,4,5
1096,117,0,5,5
1097,130,0,5,6
1098,138,0,6,6
1099,143,0,6,6
1100,153,0,6,7
1101,164,0,7,0
1103,11,0,0,0
1104,21,0,0,1
1105,31,0,1,1
1106,42,0,1,2
1107,50,0,2,2
1108,55,0,2,3
1109,69,0,3,3
1110,73,0,3,4
1111,91,0,4,4
1112,103,0,4,5
1113,111,0,5,5
1114,115,0,5,5
1115,117,0,5,5
1116,124,0,5,5
1117,130,0,5,6
1118,143,0,6,0
1120,5,0,0,0
1121,14,0,0,1
1122,26,0,1,1
1123,40,0,1,2
1124,58,0,2,2
1125,63,0,2,0
1127,5,0,0,0
1128,11,0,0,0
1129,16,0,0,0
1130,20,0,0,1
1131,32,0,1,2
1132,48,0,2,3
1133,75,0,3,3
1134,78,0,3,3
1135,83,0,3,4
1136,91,0,4,4
1137,98,0,4,4
1138,109,0,4,5
1139,118,0,5,0
1141,10,0,0,0
1142,15,0,0,1
1143,27,0,1,1
1144,38,0,1,2
1145,47,0,2,2
1146,59,0,2,2
1147,63,0,2,3
1148,70,0,3,3
1149,79,0,3,4
1150,94,0,4,4
1151,104,0,4,0
1153,9,0,0,0
1154,18,0,0,0
1155,21,0,0,1
1156,28,0,1,1
1157,32,0,1,1
1158,39,0,1,2
1159,47,0,2,2
1160,52,0,2,3
1161,67,0,3,3
1162,75,0,3,3
1163,80,0,3,4
1164,89,0,4,4
1165,100,0,4,4
1166,110,0,4,5
1167,120,0,5,6
1168,133,0,6,6
1169,147,0,6,7
1170,165,0,7,0
1172,17,0,0,1
1173,26,0,1,1
1174,41,0,1,1
1175,43,0,1,2
1176,56,0,2,3
1177,69,0,3,3
1178,77,0,3,4
1179,95,0,4,4
1180,103,0,4,5
1181,113,0,5,5
1182,117,0,5,5
1183,126,0,5,6
1184,136,0,6,6
1185,150,0,6,7
1186,155,0,7,0
1188,1,0,0,0
1189,9,0,0,0
1190,22,0,0,1
1191,32,0,1,1
1192,42,0,1,2
1193,54,0,2,2
1194,61,0,2,3
1195,76,0,3,3
1196,82,0,3,4
1197,92,0,4,4
1198,94,0,4,4
1199,101,0,4,5
1200,112,0,5,5
1201,123,0,5,5
1202,132,0,5,6
1203,139,0,6,6
1204,147,0,6,0
1206,10,0,0,1
1207,23,0,1,1
1208,28,0,1,1
1209,37,0,1,1
1210,39,0,1,2
1211,51,0,2,2
1212,59,0,2,2
1213,63,0,2,3
1214,70,0,3,3
1215,77,0,3,3
1216,87,0,3,0
1218,4,0,0,0
1219,13,0,0,1
1220,26,0,1,1
1221,36,0,1,1
1222,40,0,1,2
1223,55,0,2,0
1225,5,0,0,0
1226,10,0,0,0
1227,19,0,0,0
1228,22,0,0,1
1229,33,0,1,2
1230,49,0,2,2
1231,56,0,2,3
1232,68,0,3,3
1233,78,0,3,4
1234,90,0,4,4
1235,100,0,4,4
1236,108,0,4,5
1237,120,0,5,6
1238,134,0,6,6
1239,138,0,6,0
1241,11,0,0,1
1242,23,0,1,2
1243,49,0,2,2
1244,56,0,2,3
1245,68,0,3,3
1246,84,0,3,4
1247,98,0,4,4
1248,108,0,4,0
1250,17,0,0,0
1251,22,0,0,1
1252,26,0,1,2
1253,45,0,2,2
1254,56,0,2,2
1255,64,0,2,3
1256,74,0,3,4
1257,89,0,4,4
1258,94,0,4,0
1260,4,0,0,0
1261,7,0,0,0
1262,19,0,0,1
1263,29,0,1,2
1264,47,0,2,2
1265,60,0,2,3
1266,82,0,3,4
1267,90,0,4,4
1268,96,0,4,5
1269,116,0,5,5
1270,123,0,5,6
1271,139,0,6,6
1272,154,0,6,0
1274,10,0,0,0
1275,18,0,0,1
1276,41,0,1,2
1277,45,0,2,2
1278,50,0,2,2
1279,61,0,2,3
1280,79,0,3,0
1282,7,0,0,0
1283,19,0,0,1
1284,26,0,1,1
1285,32,0,1,1
1286,42,0,1,2
1287,51,0,2,2
1288,62,0,2,3
1289,70,0,3,3
1290,81,0,3,4
1291,95,0,4,4
1292,102,0,4,0
1294,7,0,0,0
1295,20,0,0,1
1296,36,0,1,0
1298,20,0,0,1
1299,33,0,1,1
1300,38,0,1,1
1301,40,0,1,2
1302,54,0,2,3
1303,69,0,3,3
1304,76,0,3,3
1305,86,0,3,4
1306,96,0,4,4
1307,105,0,4,5
1308,116,0,5,0
1310,18,0,0,1
1311,26,0,1,1
1312,31,0,1,2
1313,45,0,2,2
1314,57,0,2,3
1315,75,0,3,3
1316,78,0,3,3
1317,82,0,3,4
1318,90,0,4,4
1319,98,0,4,4
1320,100,0,4,4
1321,100,0,4,4
1322,105,0,4,5
1323,121,0,5,0
1325,7,0,0,0
1326,11,0,0,0
1327,19,0,0,1
1328,28,0,1,1
1329,38,0,1,2
1330,47,0,2,2
1331,63,0,2,0
1333,13,0,0,0
1334,19,0,0,1
1335,29,0,1,1
1336,43,0,1,2
1337,65,0,2,2
1338,66,0,2,3
1339,72,0,3,3
1340,85,0,3,4
1341,96,0,4,4
1342,101,0,4,0
1344,16,0,0,0
1345,21,0,0,1
1346,35,0,1,1
1347,41,0,1,2
1348,56,0,2,2
1349,64,0,2,3
1350,70,0,3,3
1351,73,0,3,3
1352,84,0,3,4
1353,97,0,4,4
1354,106,0,4,5
1355,112,0,5,5
1356,118,0,5,6
1357,134,0,6,6
1358,139,0,6,6
1359,148,0,6,7
1360,157,0,7,7
1361,166,0,7,7
1362,175,0,7,8
1363,189,0,8,0
1365,17,0,0,1
1366,33,0,1,2
1367,46,0,2,2
1368,50,0,2,3
1369,70,0,3,3
1370,81,0,3,3
1371,86,0,3,4
1372,92,0,4,4
1373,97,0,4,4
1374,105,0,4,5
1375,123,0,5,5
1376,131,0,5,0
1378,13,0,0,0
1379,18,0,0,1
1380,33,0,1,1
1381,42,0,1,2
1382,53,0,2,2
1383,58,0,2,2
1384,66,0,2,3
1385,78,0,3,3
1386,82,0,3,0
1388,11,0,0,0
1389,18,0,0,1
1390,32,0,1,1
1391,43,0,1,2
1392,54,0,2,2
1393,66,0,2,3
1394,82,0,3,3
1395,86,0,3,4
1396,95,0,4,4
1397,104,0,4,5
1398,111,0,5,0
1400,19,0,0,1
1401,23,0,1,1
1402,33,0,1,1
1403,43,0,1,2
1404,52,0,2,3
1405,69,0,3,3
1406,85,0,3,4
1407,91,0,4,4
1408,101,0,4,0
1410,3,0,0,0
1411,10,0,0,0
1412,21,0,0,1
1413,33,0,1,1
1414,43,0,1,2
1415,59,0,2,2
1416,66,0,2,3
1417,75,0,3,3
1418,85,0,3,0
1420,9,0,0,1
1421,27,0,1,1
1422,34,0,1,1
1423,43,0,1,2
1424,56,0,2,2
1425,65,0,2,3
1426,75,0,3,4
1427,93,0,4,4
1428,105,0,4,5
1429,113,0,5,5
1430,120,0,5,5
1431,123,0,5,5
1432,127,0,5,5
1433,130,0,5,6
1434,134,0,6,6
1435,143,0,6,7
1436,159,0,7,0
1438,7,0,0,0
1439,13,0,0,1
1440,23,0,1,1
1441,29,0,1,1
1442,36,0,1,2
1443,48,0,2,2
1444,60,0,2,3
1445,72,0,3,3
1446,77,0,3,4
1447,92,0,4,4
1448,106,0,4,5
1449,122,0,5,0
1451,15,0,0,1
1452,25,0,1,1
1453,37,0,1,2
1454,47,0,2,2
1455,53,0,2,2
1456,65,0,2,3
1457,75,0,3,3
1458,87,0,3,4
1459,95,0,4,4
1460,101,0,4,4
1461,105,0,4,0
1463,10,0,0,0
1464,16,0,0,1
1465,25,0,1,1
1466,32,0,1,1
1467,44,0,1,2
1468,58,0,2,3
1469,75,0,3,3
1470,79,0,3,3
1471,88,0,3,4
1472,95,0,4,4
1473,110,0,4,5
1474,129,0,5,6
1475,139,0,6,6
1476,146,0,6,6
1477,150,0,6,0
1479,9,0,0,0
1480,12,0,0,0
1481,21,0,0,1
1482,36,0,1,2
1483,46,0,2,2
1484,59,0,2,3
1485,71,0,3,3
1486,83,0,3,3
1487,88,0,3,4
1488,99,0,4,4
1489,102,0,4,5
1490,112,0,5,0
1492,8,0,0,0
1493,16,0,0,1
1494,24,0,1,1
1495,40,0,1,2
1496,56,0,2,3
1497,75,0,3,4
1498,93,0,4,4
1499,102,0,4,0
1501,7,0,0,0
1502,13,0,0,0
1503,20,0,0,1
1504,26,0,1,1
1505,40,0,1,2
1506,49,0,2,2
1507,60,0,2,3
1508,68,0,3,3
1509,79,0,3,4
1510,94,0,4,5
1511,117,0,5,5
1512,120,0,5,5
1513,131,0,5,6
1514,139,0,6,0
1516,19,0,0,1
1517,34,0,1,1
1518,41,0,1,2
1519,53,0,2,2
1520,60,0,2,2
1521,64,0,2,3
1522,78,0,3,3
1523,83,0,3,3
1524,88,0,3,4
1525,98,0,4,4
1526,106,0,4,0
1528,6,0,0,0
1529,14,0,0,1
1530,31,0,1,1
1531,41,0,1,2
1532,53,0,2,2
1533,55,0,2,2
1534,63,0,2,3
1535,70,0,3,3
1536,77,0,3,3
1537,81,0,3,3
1538,86,0,3,4
1539,95,0,4,4
1540,104,0,4,5
1541,111,0,5,5
1542,123,0,5,0
1544,12,0,0,1
1545,28,0,1,1
1546,37,0,1,2
1547,46,0,2,2
1548,57,0,2,3
1549,72,0,3,3
1550,81,0,3,4
1551,93,0,4,4
1552,106,0,4,0
1554,6,0,0,0
1555,7,0,0,0
1556,15,0,0,1
1557,28,0,1,1
1558,32,0,1,1
1559,38,0,1,2
1560,47,0,2,2
1561,58,0,2,2
1562,66,0,2,3
1563,75,0,3,4
1564,89,0,4,0
1566,12,0,0,0
1567,19,0,0,1
1568,30,0,1,1
1569,42,0,1,2
1570,50,0,2,2
1571,56,0,2,2
1572,57,0,2,2
1573,64,0,2,3
1574,74,0,3,3
1575,86,0,3,4
1576,93,0,4,4
1577,106,0,4,5
1578,116,0,5,5
1579,121,0,5,6
1580,138,0,6,6
1581,154,0,6,0
1583,7,0,0,0
1584,15,0,0,0
1585,21,0,0,1
1586,31,0,1,1
1587,38,0,1,2
1588,46,0,2,2
1589,54,0,2,2
1590,64,0,2,3
1591,69,0,3,3
1592,79,0,3,4
1593,90,0,4,4
1594,106,0,4,0
1596,16,0,0,1
1597,26,0,1,1
1598,38,0,1,2
1599,47,0,2,2
1600,65,0,2,3
1601,78,0,3,4
1602,91,0,4,4
1603,98,0,4,4
1604,108,0,4,5
1605,114,0,5,5
1606,122,0,5,0
1608,7,0,0,0
1609,22,0,0,1
1610,30,0,1,2
1611,46,0,2,2
1612,55,0,2,3
1613,67,0,3,3
1614,80,0,3,4
1615,89,0,4,4
1616,103,0,4,0
1618,13,0,0,0
1619,16,0,0,1
1620,25,0,1,1
1621,39,0,1,1
1622,44,0,1,2
1623,49,0,2,2
1624,55,0,2,3
1625,67,0,3,3
1626,76,0,3,4
1627,90,0,4,4
1628,95,0,4,4
1629,100,0,4,4
1630,109,0,4,5
1631,112,0,5,5
1632,115,0,5,0
1634,7,0,0,0
1635,16,0,0,1
1636,25,0,1,1
1637,37,0,1,1
1638,40,0,1,2
1639,47,0,2,2
1640,60,0,2,3
1641,69,0,3,3
1642,76,0,3,3
1643,83,0,3,4
1644,101,0,4,5
1645,112,0,5,5
1646,124,0,5,6
1647,133,0,6,6
1648,144,0,6,0
1650,10,0,0,0
1651,18,0,0,1
1652,28,0,1,1
1653,43,0,1,2
1654,49,0,2,2
1655,62,0,2,0
1657,18,0,0,1
1658,34,0,1,1
1659,41,0,1,2
1660,53,0,2,3
1661,70,0,3,3
1662,77,0,3,3
1663,81,0,3,3
1664,86,0,3,4
1665,101,0,4,0
1667,12,0,0,1
1668,25,0,1,1
1669,40,0,1,1
1670,44,0,1,2
1671,60,0,2,3
1672,70,0,3,3
1673,82,0,3,4
1674,89,0,4,4
1675,96,0,4,5
1676,113,0,5,5
1677,117,0,5,0
1679,12,0,0,1
1680,30,0,1,1
1681,43,0,1,2
1682,53,0,2,3
1683,74,0,3,3
1684,88,0,3,4
1685,102,0,4,4
1686,110,0,4,5
1687,117,0,5,5
1688,130,0,5,6
1689,141,0,6,0
1691,12,0,0,1
1692,25,0,1,1
1693,38,0,1,2
1694,49,0,2,2
1695,59,0,2,3
1696,69,0,3,3
1697,76,0,3,4
1698,89,0,4,0
1700,8,0,0,0
1701,13,0,0,1
1702,24,0,1,1
1703,27,0,1,1
1704,39,0,1,2
1705,51,0,2,2
1706,60,0,2,2
1707,63,0,2,3
1708,72,0,3,4
1709,91,0,4,0
1711,17,0,0,0
1712,20,0,0,1
1713,40,0,1,2
1714,53,0,2,2
1715,63,0,2,2
1716,66,0,2,3
1717,73,0,3,3
1718,87,0,3,4
1719,100,0,4,5
1720,111,0,5,5
1721,123,0,5,6
1722,136,0,6,0
1724,18,0,0,1
1725,29,0,1,1
1726,33,0,1,1
1727,44,0,1,2
1728,54,0,2,2
1729,58,0,2,3
1730,70,0,3,3
1731,86,0,3,0
1733,4,0,0,1
1734,25,0,1,1
1735,31,0,1,1
1736,41,0,1,2
1737,48,0,2,2
1738,58,0,2,3
1739,68,0,3,3
1740,77,0,3,3
1741,85,0,3,4
1742,95,0,4,0
1744,10,0,0,0
1745,16,0,0,1
1746,33,0,1,1
1747,35,0,1,1
1748,41,0,1,2
1749,48,0,2,2
1750,66,0,2,3
1751,74,0,3,3
1752,87,0,3,0
1754,5,0,0,0
1755,10,0,0,0
1756,14,0,0,0
1757,19,0,0,1
1758,27,0,1,1
1759,31,0,1,1
1760,36,0,1,2
1761,56,0,2,3
1762,71,0,3,0
1764,16,0,0,0
1765,22,0,0,1
1766,31,0,1,1
1767,34,0,1,1
1768,38,0,1,2
1769,59,0,2,3
1770,69,0,3,3
1771,84,0,3,4
1772,96,0,4,5
1773,113,0,5,5
1774,125,0,5,6
1775,135,0,6,0
1777,10,0,0,0
1778,18,0,0,1
1779,31,0,1,1
1780,37,0,1,2
1781,45,0,2,2
1782,58,0,2,3
1783,71,0,3,3
1784,83,0,3,4
1785,94,0,4,4
1786,110,0,4,5
1787,120,0,5,0
1789,12,0,0,1
1790,27,0,1,1
1791,35,0,1,1
1792,44,0,1,2
1793,52,0,2,2
1794,55,0,2,3
1795,70,0,3,3
1796,82,0,3,4
1797,93,0,4,4
1798,108,0,4,0
1800,6,0,0,0
1801,16,0,0,1
1802,26,0,1,1
1803,32,0,1,2
1804,52,0,2,3
1805,69,0,3,3
1806,78,0,3,0
1808,4,0,0,0
1809,11,0,0,0
1810,20,0,0,1
1811,30,0,1,1
1812,35,0,1,1
1813,42,0,1,2
1814,62,0,2,2
1815,66,0,2,3
1816,75,0,3,3
1817,85,0,3,4
1818,98,0,4,4
1819,106,0,4,5
1820,119,0,5,5
1821,129,0,5,0
1823,8,0,0,0
1824,15,0,0,1
1825,23,0,1,1
1826,30,0,1,1
1827,40,0,1,2
1828,47,0,2,2
1829,58,0,2,2
1830,66,0,2,3
1831,71,0,3,3
1832,78,0,3,3
1833,84,0,3,4
1834,91,0,4,4
1835,98,0,4,0
1837,9,0,0,0
1838,14,0,0,1
1839,26,0,1,1
1840,37,0,1,2
1841,45,0,2,2
1842,54,0,2,2
1843,64,0,2,3
1844,69,0,3,3
1845,84,0,3,4
1846,94,0,4,4
1847,100,0,4,5
1848,112,0,5,0
1850,13,0,0,1
1851,24,0,1,1
1852,30,0,1,1
1853,36,0,1,2
1854,57,0,2,2
1855,63,0,2,3
1856,75,0,3,3
1857,88,0,3,4
1858,98,0,4,4
1859,104,0,4,5
1860,115,0,5,5
1861,130,0,5,6
1862,143,0,6,0
1864,4,0,0,0
1865,8,0,0,0
1866,10,0,0,0
1867,18,0,0,1
1868,30,0,1,1
1869,37,0,1,1
1870,44,0,1,2
1871,54,0,2,3
1872,69,0,3,3
1873,73,0,3,3
1874,80,0,3,3
1875,88,0,3,4
1876,96,0,4,4
1877,109,0,4,5
1878,115,0,5,0
1880,6,0,0,0
1881,12,0,0,1
1882,25,0,1,1
1883,35,0,1,1
1884,41,0,1,2
1885,48,0,2,2
1886,51,0,2,2
1887,60,0,2,2
1888,64,0,2,3
1889,86,0,3,4
1890,99,0,4,4
1891,104,0,4,4
1892,109,0,4,5
1893,123,0,5,5
1894,127,0,5,0
1896,14,0,0,0
1897,19,0,0,1
1898,31,0,1,1
1899,42,0,1,2
1900,58,0,2,2
1901,62,0,2,3
1902,73,0,3,3
1903,78,0,3,4
1904,89,0,4,4
1905,99,0,4,5
1906,118,0,5,0
1908,11,0,0,0
1909,21,0,0,1
1910,37,0,1,2
1911,46,0,2,2
1912,58,0,2,2
1913,65,0,2,0
1915,7,0,0,0
1916,19,0,0,1
1917,33,0,1,1
1918,40,0,1,2
1919,50,0,2,2
1920,59,0,2,2
1921,65,0,2,3
1922,76,0,3,3
1923,85,0,3,4
1924,102,0,4,5
1925,111,0,5,5
1926,116,0,5,5
1927,122,0,5,0
1929,11,0,0,0
1930,18,0,0,1
1931,25,0,1,1
1932,42,0,1,2
1933,49,0,2,2
1934,54,0,2,2
1935,59,0,2,3
1936,75,0,3,3
1937,88,0,3,4
1938,102,0,4,0
1940,16,0,0,1
1941,23,0,1,1
1942,31,0,1,1
1943,35,0,1,1
1944,44,0,1,2
1945,52,0,2,2
1946,63,0,2,3
1947,68,0,3,0
1949,12,0,0,1
1950,29,0,1,1
1951,42,0,1,2
1952,50,0,2,2
1953,59,0,2,3
1954,76,0,3,3
1955,81,0,3,4
1956,101,0,4,5
1957,111,0,5,0
1959,10,0,0,0
1960,12,0,0,1
1961,26,0,1,1
1962,35,0,1,1
1963,40,0,1,2
1964,52,0,2,2
1965,59,0,2,2
1966,66,0,2,3
1967,78,0,3,3
1968,84,0,3,4
1969,89,0,4,4
1970,105,0,4,5
1971,120,0,5,5
1972,127,0,5,6
1973,137,0,6,6
1974,145,0,6,7
1975,162,0,7,8
1976,179,0,8,0
1978,7,0,0,0
1979,12,0,0,0
1980,17,0,0,1
1981,24,0,1,1
1982,35,0,1,1
1983,44,0,1,2
1984,51,0,2,2
1985,63,0,2,3
1986,69,0,3,0
1988,13,0,0,1
1989,25,0,1,1
1990,34,0,1,2
1991,46,0,2,2
1992,59,0,2,3
1993,71,0,3,3
1994,80,0,3,4
1995,97,0,4,4
1996,103,0,4,5
1997,112,0,5,5
1998,126,0,5,6
1999,142,0,6,6
2000,149,0,6,7
2001,158,0,7,0
2003,13,0,0,1
2004,24,0,1,1
2005,35,0,1,2
2006,46,0,2,2
2007,53,0,2,2
2008,61,0,2,3
2009,85,0,3,4
2010,90,0,4,4
2011,106,0,4,5
2012,120,0,5,5
2013,127,0,5,6
2014,139,0,6,0
2016,12,0,0,0
2017,18,0,0,1
2018,24,0,1,1
2019,36,0,1,1
2020,43,0,1,2
2021,48,0,2,2
2022,56,0,2,2
2023,65,0,2,3
2024,73,0,3,3
2025,85,0,3,4
2026,102,0,4,4
2027,106,0,4,0
2029,11,0,0,0
2030,20,0,0,1
2031,25,0,1,1
2032,36,0,1,2
2033,46,0,2,2
2034,55,0,2,3
2035,68,0,3,0
2037,17,0,0,1
2038,31,0,1,1
2039,40,0,1,2
2040,45,0,2,2
2041,54,0,2,2
2042,66,0,2,3
2043,76,0,3,3
2044,87,0,3,4
2045,100,0,4,5
2046,112,0,5,5
2047,116,0,5,0
2049,7,0,0,0
2050,14,0,0,0
2051,18,0,0,1
2052,23,0,1,1
2053,28,0,1,2
2054,45,0,2,2
2055,58,0,2,3
2056,68,0,3,3
2057,79,0,3,4
2058,99,0,4,5
2059,111,0,5,5
2060,115,0,5,0
2062,18,0,0,0
2063,21,0,0,1
2064,31,0,1,1
2065,38,0,1,2
2066,48,0,2,2
2067,62,0,2,3
2068,76,0,3,3
2069,83,0,3,0
2071,9,0,0,0
2072,21,0,0,1
2073,36,0,1,2
2074,46,0,2,2
2075,55,0,2,3
2076,71,0,3,3
2077,84,0,3,4
2078,89,0,4,4
2079,102,0,4,4
2080,110,0,4,5
2081,119,0,5,0
2083,6,0,0,0
2084,11,0,0,0
2085,18,0,0,1
2086,23,0,1,1
2087,31,0,1,1
2088,44,0,1,2
2089,51,0,2,2
2090,56,0,2,2
2091,60,0,2,2
2092,65,0,2,3
2093,80,0,3,4
2094,91,0,4,0
2096,8,0,0,0
2097,17,0,0,0
2098,20,0,0,1
2099,31,0,1,1
2100,43,0,1,2
2101,54,0,2,3
2102,75,0,3,4
2103,91,0,4,0
2105,12,0,0,0
2106,22,0,0,1
2107,25,0,1,1
2108,31,0,1,1
2109,37,0,1,2
2110,47,0,2,2
2111,55,0,2,3
2112,68,0,3,3
2113,79,0,3,3
2114,82,0,3,3
2115,87,0,3,4
2116,101,0,4,5
2117,113,0,5,5
2118,128,0,5,6
2119,137,0,6,6
2120,149,0,6,0
2122,11,0,0,0
2123,21,0,0,1
2124,32,0,1,1
2125,44,0,1,2
2126,49,0,2,2
2127,58,0,2,3
2128,72,0,3,3
2129,76,0,3,3
2130,87,0,3,4
2131,96,0,4,4
2132,101,0,4,4
2133,105,0,4,4
2134,108,0,4,5
2135,120,0,5,5
2136,130,0,5,6
2137,142,0,6,6
2138,150,0,6,7
2139,163,0,7,0
2141,15,0,0,1
2142,26,0,1,1
2143,38,0,1,2
2144,46,0,2,2
2145,65,0,2,0
2147,5,0,0,0
2148,13,0,0,1
2149,28,0,1,1
2150,37,0,1,2
2151,58,0,2,3
2152,71,0,3,3
2153,80,0,3,3
2154,85,0,3,4
2155,96,0,4,4
2156,106,0,4,5
2157,123,0,5,6
2158,133,0,6,6
2159,139,0,6,0
2161,4,0,0,0
2162,15,0,0,0
2163,21,0,0,1
2164,29,0,1,1
2165,44,0,1,2
2166,55,0,2,2
2167,62,0,2,3
2168,75,0,3,3
2169,87,0,3,4
2170,104,0,4,0
2172,9,0,0,0
2173,18,0,0,1
2174,26,0,1,1
2175,33,0,1,2
2176,45,0,2,2
2177,57,0,2,3
2178,70,0,3,3
2179,82,0,3,3
2180,85,0,3,4
2181,94,0,4,4
2182,100,0,4,4
2183,110,0,4,5
2184,115,0,5,0
2186,7,0,0,0
2187,17,0,0,1
2188,27,0,1,1
2189,36,0,1,1
2190,41,0,1,1
2191,44,0,1,2
2192,55,0,2,2
2193,65,0,2,3
2194,75,0,3,3
2195,81,0,3,0
2197,11,0,0,0
2198,19,0,0,1
2199,31,0,1,1
2200,36,0,1,2
2201,48,0,2,2
2202,54,0,2,2
2203,62,0,2,3
2204,74,0,3,4
2205,91,0,4,4
2206,96,0,4,4
2207,103,0,4,0
2209,8,0,0,0
2210,13,0,0,1
2211,24,0,1,1
2212,40,0,1,2
2213,51,0,2,2
2214,66,0,2,3
2215,76,0,3,4
2216,90,0,4,4
2217,96,0,4,4
2218,103,0,4,4
2219,108,0,4,5
2220,122,0,5,0
2222,12,0,0,1
2223,25,0,1,1
2224,32,0,1,1
2225,39,0,1,2
2226,46,0,2,2
2227,58,0,2,3
2228,68,0,3,3
2229,73,0,3,3
2230,83,0,3,4
2231,94,0,4,4
2232,104,0,4,5
2233,113,0,5,5
2234,124,0,5,5
2235,129,0,5,0
2237,15,0,0,1
2238,24,0,1,1
2239,35,0,1,2
2240,48,0,2,2
2241,55,0,2,2
2242,66,0,2,3
2243,76,0,3,3
2244,87,0,3,0
2246,10,0,0,0
2247,19,0,0,1
2248,24,0,1,1
2249,32,0,1,2
2250,47,0,2,2
2251,55,0,2,3
2252,73,0,3,3
2253,85,0,3,4
2254,90,0,4,4
2255,103,0,4,5
2256,114,0,5,5
2257,123,0,5,6
2258,133,0,6,6
2259,141,0,6,6
2260,154,0,6,0
2262,11,0,0,0
2263,20,0,0,1
2264,29,0,1,1
2265,37,0,1,2
2266,50,0,2,2
2267,66,0,2,3
2268,80,0,3,4
2269,89,0,4,4
2270,95,0,4,4
2271,102,0,4,4
2272,110,0,4,0
2274,12,0,0,0
2275,17,0,0,1
2276,23,0,1,1
2277,32,0,1,1
2278,40,0,1,2
2279,48,0,2,2
2280,57,0,2,3
2281,69,0,3,3
2282,83,0,3,4
2283,92,0,4,4
2284,102,0,4,5
2285,112,0,5,5
2286,120,0,5,5
2287,129,0,5,6
2288,143,0,6,7
2289,158,0,7,7
2290,171,0,7,8
2291,178,0,8,0
2293,10,0,0,1
2294,25,0,1,1
2295,41,0,1,2
2296,49,0,2,2
2297,55,0,2,2
2298,59,0,2,3
2299,74,0,3,3
2300,84,0,3,4
2301,92,0,4,0
2303,6,0,0,0
2304,22,0,0,1
2305,32,0,1,1
2306,40,0,1,2
2307,62,0,2,3
2308,69,0,3,3
2309,77,0,3,3
2310,84,0,3,4
2311,96,0,4,4
2312,106,0,4,5
2313,121,0,5,5
2314,128,0,5,0
2316,11,0,0,0
2317,20,0,0,1
2318,25,0,1,1
2319,38,0,1,2
2320,46,0,2,2
2321,60,0,2,3
2322,71,0,3,4
2323,89,0,4,4
2324,100,0,4,5
2325,114,0,5,5
2326,131,0,5,0
2328,9,0,0,0
2329,11,0,0,0
2330,18,0,0,1
2331,32,0,1,1
2332,43,0,1,2
2333,53,0,2,2
2334,56,0,2,3
2335,74,0,3,3
2336,81,0,3,3
2337,84,0,3,4
2338,90,0,4,0
2340,12,0,0,1
2341,25,0,1,1
2342,36,0,1,2
2343,46,0,2,2
2344,59,0,2,2
2345,66,0,2,3
2346,74,0,3,3
2347,81,0,3,3
2348,88,0,3,4
2349,100,0,4,5
2350,119,0,5,5
2351,122,0,5,6
2352,135,0,6,0
2354,6,0,0,0
2355,22,0,0,1
2356,26,0,1,1
2357,35,0,1,1
2358,44,0,1,2
2359,50,0,2,2
2360,56,0,2,2
2361,66,0,2,3
2362,74,0,3,3
2363,83,0,3,3
2364,88,0,3,0
2366,13,0,0,0
2367,19,0,0,1
2368,33,0,1,2
2369,46,0,2,2
2370,56,0,2,2
2371,64,0,2,3
2372,73,0,3,3
2373,80,0,3,4
2374,92,0,4,4
2375,101,0,4,4
2376,105,0,4,0
2378,6,0,0,0
2379,14,0,0,1
2380,28,0,1,1
2381,39,0,1,2
2382,45,0,2,2
2383,54,0,2,3
2384,71,0,3,3
2385,87,0,3,4
2386,91,0,4,0
2388,7,0,0,0
2389,16,0,0,1
2390,36,0,1,1
2391,44,0,1,2
2392,58,0,2,3
2393,78,0,3,3
2394,81,0,3,4
2395,91,0,4,4
2396,104,0,4,5
2397,121,0,5,5
2398,123,0,5,6
2399,136,0,6,6
2400,153,0,6,7
2401,168,0,7,7
2402,176,0,7,0
2404,7,0,0,0
2405,19,0,0,1
2406,25,0,1,1
2407,31,0,1,1
2408,39,0,1,2
2409,47,0,2,2
2410,59,0,2,3
2411,74,0,3,3
2412,82,0,3,4
2413,90,0,4,4
2414,94,0,4,4
2415,100,0,4,5
2416,114,0,5,0
2418,18,0,0,1
2419,26,0,1,1
2420,42,0,1,2
2421,53,0,2,2
2422,56,0,2,2
2423,64,0,2,3
2424,68,0,3,3
2425,80,0,3,4
2426,97,0,4,5
2427,111,0,5,5
2428,126,0,5,0
2430,8,0,0,0
2431,13,0,0,1
2432,33,0,1,1
2433,38,0,1,2
2434,48,0,2,2
2435,63,0,2,3
2436,70,0,3,3
2437,77,0,3,4
2438,93,0,4,0
2440,12,0,0,0
2441,21,0,0,1
2442,36,0,1,1
2443,36,0,1,2
2444,46,0,2,2
2445,58,0,2,3
2446,74,0,3,3
2447,83,0,3,4
2448,97,0,4,5
2449,114,0,5,5
2450,124,0,5,5
2451,130,0,5,0
2453,16,0,0,0
2454,22,0,0,1
2455,34,0,1,2
2456,45,0,2,2
2457,54,0,2,3
2458,67,0,3,3
2459,77,0,3,3
2460,85,0,3,4
2461,99,0,4,5
2462,111,0,5,0
2464,14,0,0,0
2465,22,0,0,1
2466,37,0,1,2
2467,51,0,2,2
2468,58,0,2,0
2470,6,0,0,0
2471,17,0,0,1
2472,28,0,1,2
2473,49,0,2,2
2474,56,0,2,2
2475,65,0,2,3
2476,77,0,3,4
2477,94,0,4,4
2478,105,0,4,5
2479,114,0,5,5
2480,119,0,5,5
2481,130,0,5,0
2483,18,0,0,1
2484,26,0,1,1
2485,34,0,1,1
2486,39,0,1,2
2487,46,0,2,2
2488,64,0,2,3
2489,78,0,3,3
2490,86,0,3,4
2491,95,0,4,4
2492,108,0,4,5
2493,117,0,5,5
2494,123,0,5,6
2495,137,0,6,6
2496,144,0,6,0
2498,14,0,0,0
2499,20,0,0,1
2500,30,0,1,1
2501,33,0,1,1
2502,37,0,1,2
2503,51,0,2,2
2504,58,0,2,3
2505,71,0,3,3
2506,79,0,3,4
2507,89,0,4,4
2508,95,0,4,5
2509,115,0,5,5
2510,121,0,5,5
2511,129,0,5,6
2512,136,0,6,0
2514,13,0,0,0
2515,21,0,0,1
2516,30,0,1,1
2517,43,0,1,2
2518,54,0,2,3
2519,75,0,3,3
2520,88,0,3,4
2521,99,0,4,0
2523,8,0,0,0
2524,15,0,0,0
2525,18,0,0,1
2526,36,0,1,1
2527,42,0,1,2
2528,45,0,2,0
2530,17,0,0,1
2531,25,0,1,1
2532,34,0,1,1
2533,42,0,1,2
2534,47,0,2,2
2535,59,0,2,3
2536,67,0,3,3
2537,80,0,3,3
2538,88,0,3,0
2540,5,0,0,0
2541,10,0,0,0
2542,16,0,0,0
2543,21,0,0,1
2544,33,0,1,1
2545,36,0,1,2
2546,45,0,2,2
2547,63,0,2,3
2548,70,0,3,3
2549,79,0,3,4
2550,91,0,4,4
2551,98,0,4,4
2552,103,0,4,5
2553,120,0,5,5
2554,131,0,5,6
2555,140,0,6,0
2557,9,0,0,1
2558,23,0,1,1
2559,26,0,1,1
2560,42,0,1,2
2561,51,0,2,2
2562,61,0,2,3
2563,69,0,3,0
2565,12,0,0,0
2566,17,0,0,1
2567,29,0,1,1
2568,39,0,1,2
2569,48,0,2,2
2570,62,0,2,3
2571,69,0,3,3
2572,78,0,3,3
2573,87,0,3,4
2574,101,0,4,5
2575,114,0,5,5
2576,121,0,5,0
2578,2,0,0,0
2579,16,0,0,1
2580,25,0,1,1
2581,35,0,1,2
2582,46,0,2,3
2583,71,0,3,3
2584,80,0,3,4
2585,101,0,4,5
2586,115,0,5,5
2587,130,0,5,6
2588,133,0,6,6
2589,144,0,6,7
2590,155,0,7,0
2592,7,0,0,0
2593,16,0,0,0
2594,18,0,0,1
2595,29,0,1,1
2596,33,0,1,1
2597,39,0,1,1
2598,41,0,1,2
2599,51,0,2,2
2600,61,0,2,3
2601,73,0,3,3
2602,85,0,3,0
2604,7,0,0,0
2605,16,0,0,0
2606,21,0,0,1
2607,30,0,1,2
2608,45,0,2,2
2609,49,0,2,2
2610,58,0,2,2
2611,64,0,2,3
2612,73,0,3,3
2613,86,0,3,4
2614,95,0,4,0
2616,6,0,0,1
2617,27,0,1,1
2618,38,0,1,2
2619,53,0,2,2
2620,61,0,2,3
2621,73,0,3,3
2622,83,0,3,4
2623,92,0,4,4
2624,98,0,4,0
2626,10,0,0,0
2627,22,0,0,1
2628,27,0,1,1
2629,35,0,1,1
2630,42,0,1,2
2631,54,0,2,2
2632,61,0,2,0
2634,5,0,0,0
2635,14,0,0,1
2636,26,0,1,1
2637,32,0,1,2
2638,49,0,2,2
2639,55,0,2,2
2640,63,0,2,3
2641,85,0,3,4
2642,97,0,4,5
2643,115,0,5,0
2645,6,0,0,0
2646,14,0,0,1
2647,24,0,1,1
2648,36,0,1,1
2649,41,0,1,2
2650,47,0,2,2
2651,59,0,2,3
2652,70,0,3,3
2653,73,0,3,3
2654,86,0,3,4
2655,92,0,4,4
2656,103,0,4,5
2657,121,0,5,0
2659,12,0,0,1
2660,23,0,1,1
2661,34,0,1,1
2662,43,0,1,2
2663,51,0,2,2
2664,59,0,2,2
2665,65,0,2,3
2666,72,0,3,3
2667,78,0,3,3
2668,88,0,3,4
2669,106,0,4,4
2670,110,0,4,0
2672,6,0,0,0
2673,12,0,0,0
2674,18,0,0,1
2675,26,0,1,1
2676,33,0,1,1
2677,42,0,1,2
2678,55,0,2,2
2679,61,0,2,3
2680,69,0,3,3
2681,75,0,3,0
2683,10,0,0,1
2684,24,0,1,1
2685,37,0,1,2
2686,46,0,2,2
2687,55,0,2,0
2689,3,0,0,0
2690,15,0,0,1
2691,25,0,1,1
2692,33,0,1,1
2693,42,0,1,2
2694,53,0,2,2
2695,57,0,2,2
2696,62,0,2,3
2697,76,0,3,3
2698,86,0,3,4
2699,97,0,4,0
2701,2,0,0,0
2702,21,0,0,1
2703,27,0,1,1
2704,33,0,1,1
2705,40,0,1,2
2706,45,0,2,2
2707,47,0,2,2
2708,56,0,2,3
2709,69,0,3,3
2710,74,0,3,3
2711,85,0,3,4
2712,91,0,4,4
2713,99,0,4,0
2715,10,0,0,0
2716,13,0,0,1
2717,25,0,1,1
2718,35,0,1,2
2719,52,0,2,2
2720,59,0,2,3
2721,71,0,3,3
2722,77,0,3,4
2723,91,0,4,4
2724,100,0,4,0
2726,10,0,0,0
2727,19,0,0,0
2728,22,0,0,1
2729,34,0,1,1
2730,41,0,1,1
2731,44,0,1,2
2732,61,0,2,3
2733,68,0,3,3
2734,86,0,3,4
2735,93,0,4,0
2737,3,0,0,0
2738,8,0,0,0
2739,17,0,0,1
2740,24,0,1,1
2741,30,0,1,1
2742,39,0,1,2
2743,46,0,2,2
2744,58,0,2,3
2745,67,0,3,3
2746,78,0,3,3
2747,81,0,3,4
2748,93,0,4,0
2750,8,0,0,0
2751,13,0,0,0
2752,22,0,0,1
2753,32,0,1,2
2754,45,0,2,2
2755,58,0,2,2
2756,64,0,2,0
2758,11,0,0,0
2759,22,0,0,1
2760,29,0,1,1
2761,38,0,1,1
2762,44,0,1,2
2763,54,0,2,2
2764,63,0,2,3
2765,72,0,3,3
2766,83,0,3,4
2767,95,0,4,4
2768,99,0,4,5
2769,112,0,5,5
2770,118,0,5,5
2771,128,0,5,0
2773,7,0,0,0
2774,16,0,0,1
2775,31,0,1,1
2776,43,0,1,2
2777,55,0,2,2
2778,63,0,2,3
2779,71,0,3,4
2780,93,0,4,4
2781,109,0,4,5
2782,117,0,5,6
2783,133,0,6,6
2784,151,0,6,0
2786,7,0,0,0
2787,16,0,0,0
2788,19,0,0,1
2789,31,0,1,2
2790,48,0,2,2
2791,56,0,2,3
2792,67,0,3,3
2793,76,0,3,3
2794,83,0,3,3
2795,88,0,3,0
2797,12,0,0,0
2798,17,0,0,1
2799,31,0,1,1
2800,36,0,1,1
2801,41,0,1,1
2802,43,0,1,2
2803,56,0,2,3
2804,82,0,3,3
2805,88,0,3,4
2806,94,0,4,4
2807,103,0,4,5
2808,116,0,5,0
2810,4,0,0,0
2811,11,0,0,0
2812,22,0,0,0
2813,22,0,0,1
2814,29,0,1,1
2815,39,0,1,2
2816,45,0,2,2
2817,59,0,2,3
2818,68,0,3,3
2819,80,0,3,4
2820,91,0,4,4
2821,96,0,4,4
2822,106,0,4,0
2824,7,0,0,0
2825,13,0,0,0
2826,18,0,0,1
2827,23,0,1,1
2828,43,0,1,2
2829,66,0,2,3
2830,78,0,3,4
2831,89,0,4,4
2832,101,0,4,5
2833,113,0,5,5
2834,132,0,5,0
2836,13,0,0,1
2837,23,0,1,1
2838,31,0,1,2
2839,52,0,2,2
2840,57,0,2,2
2841,66,0,2,3
2842,77,0,3,0
2844,6,0,0,0
2845,19,0,0,1
2846,39,0,1,2
2847,46,0,2,2
2848,62,0,2,3
2849,74,0,3,3
2850,83,0,3,0
2852,15,0,0,1
2853,25,0,1,1
2854,33,0,1,1
2855,38,0,1,2
2856,52,0,2,2
2857,65,0,2,3
2858,69,0,3,3
2859,74,0,3,3
2860,83,0,3,4
2861,94,0,4,4
2862,105,0,4,4
2863,110,0,4,0
2865,4,0,0,0
2866,20,0,0,1
2867,28,0,1,1
2868,32,0,1,2
2869,45,0,2,2
2870,54,0,2,2
2871,60,0,2,3
2872,70,0,3,3
2873,76,0,3,3
2874,78,0,3,3
2875,87,0,3,0
2877,13,0,0,0
2878,18,0,0,1
2879,34,0,1,1
2880,42,0,1,2
2881,57,0,2,2
2882,61,0,2,3
2883,73,0,3,3
2884,78,0,3,3
2885,87,0,3,4
2886,90,0,4,4
2887,99,0,4,4
2888,109,0,4,5
2889,117,0,5,5
2890,127,0,5,6
2891,137,0,6,6
2892,147,0,6,7
2893,158,0,7,7
2894,165,0,7,0
2896,19,0,0,1
2897,26,0,1,1
2898,30,0,1,1
2899,36,0,1,2
2900,51,0,2,3
2901,70,0,3,3
2902,83,0,3,4
2903,91,0,4,4
2904,104,0,4,5
2905,114,0,5,5
2906,124,0,5,6
2907,135,0,6,6
2908,143,0,6,0
2910,2,0,0,0
2911,13,0,0,1
2912,26,0,1,1
2913,27,0,1,1
2914,41,0,1,2
2915,51,0,2,2
2916,53,0,2,2
2917,64,0,2,3
2918,78,0,3,3
2919,86,0,3,4
2920,94,0,4,4
2921,106,0,4,5
2922,121,0,5,5
2923,128,0,5,0
2925,6,0,0,0
2926,16,0,0,1
2927,30,0,1,1
2928,37,0,1,2
2929,50,0,2,2
2930,54,0,2,3
2931,71,0,3,3
2932,77,0,3,3
2933,86,0,3,4
2934,104,0,4,5
2935,113,0,5,5
2936,123,0,5,6
2937,133,0,6,6
2938,138,0,6,7
2939,157,0,7,0
2941,12,0,0,0
2942,19,0,0,1
2943,25,0,1,1
2944,31,0,1,2
2945,45,0,2,2
2946,54,0,2,2
2947,66,0,2,3
2948,74,0,3,3
2949,81,0,3,4
2950,91,0,4,0
2952,13,0,0,1
2953,23,0,1,1
2954,32,0,1,1
2955,44,0,1,2
2956,54,0,2,2
2957,62,0,2,3
2958,76,0,3,3
2959,83,0,3,3
2960,88,0,3,0
2962,8,0,0,0
2963,21,0,0,1
2964,24,0,1,1
2965,33,0,1,1
2966,38,0,1,2
2967,46,0,2,2
2968,54,0,2,2
2969,65,0,2,0
2971,6,0,0,0
2972,15,0,0,0
2973,21,0,0,1
2974,34,0,1,1
2975,40,0,1,2
2976,54,0,2,3
2977,69,0,3,3
2978,77,0,3,3
2979,86,0,3,4
2980,91,0,4,4
2981,110,0,4,5
2982,123,0,5,0
2984,7,0,0,0
2985,14,0,0,1
2986,24,0,1,1
2987,30,0,1,1
2988,38,0,1,2
2989,48,0,2,2
2990,58,0,2,2
2991,62,0,2,3
2992,83,0,3,4
2993,89,0,4,4
2994,94,0,4,4
2995,101,0,4,5
2996,117,0,5,6
2997,136,0,6,6
2998,147,0,6,7
2999,161,0,7,0
3001,16,0,0,1
3002,31,0,1,2
3003,50,0,2,2
3004,64,0,2,3
3005,74,0,3,4
3006,89,0,4,4
3007,102,0,4,5
3008,120,0,5,0
3010,21,0,0,1
3011,40,0,1,2
3012,53,0,2,2
3013,61,0,2,3
3014,68,0,3,3
3015,78,0,3,3
3016,87,0,3,4
3017,104,0,4,5
3018,116,0,5,0
3020,12,0,0,0
3021,17,0,0,1
3022,27,0,1,1
3023,40,0,1,2
3024,47,0,2,2
3025,58,0,2,2
3026,65,0,2,3
3027,77,0,3,0
3029,15,0,0,1
3030,28,0,1,1
3031,30,0,1,1
3032,33,0,1,2
3033,47,0,2,2
3034,57,0,2,2
3035,64,0,2,3
3036,69,0,3,3
3037,81,0,3,4
3038,90,0,4,4
3039,101,0,4,0
3041,9,0,0,0
3042,10,0,0,0
3043,19,0,0,1
3044,42,0,1,2
3045,50,0,2,2
3046,53,0,2,3
3047,68,0,3,3
3048,79,0,3,4
3049,91,0,4,4
3050,97,0,4,4
3051,108,0,4,5
3052,112,0,5,5
3053,122,0,5,0
3055,7,0,0,0
3056,17,0,0,1
3057,25,0,1,1
3058,44,0,1,2
3059,59,0,2,3
3060,67,0,3,3
3061,79,0,3,3
3062,88,0,3,4
3063,98,0,4,5
3064,120,0,5,5
3065,129,0,5,6
3066,136,0,6,6
3067,143,0,6,7
3068,161,0,7,7
3069,168,0,7,7
3070,174,0,7,0
3072,11,0,0,1
3073,28,0,1,1
3074,35,0,1,2
3075,51,0,2,3
3076,69,0,3,3
3077,83,0,3,4
3078,91,0,4,4
3079,100,0,4,4
3080,104,0,4,5
3081,112,0,5,0
3083,14,0,0,0
3084,21,0,0,1
3085,33,0,1,1
3086,40,0,1,2
3087,48,0,2,2
3088,54,0,2,2
3089,63,0,2,3
3090,78,0,3,3
3091,85,0,3,4
3092,96,0,4,0
3094,14,0,0,1
3095,28,0,1,1
3096,33,0,1,1
3097,44,0,1,2
3098,49,0,2,3
3099,75,0,3,3
3100,86,0,3,3
3101,88,0,3,4
3102,94,0,4,4
3103,105,0,4,5
3104,119,0,5,5
3105,132,0,5,6
3106,137,0,6,6
3107,141,0,6,0
3109,10,0,0,0
3110,18,0,0,1
3111,31,0,1,1
3112,34,0,1,2
3113,47,0,2,2
3114,52,0,2,3
3115,69,0,3,3
3116,76,0,3,3
3117,80,0,3,3
3118,85,0,3,1
3120,24,0,1,1
3121,29,0,1,1
3122,40,0,1,2
3123,46,0,2,2
3124,59,0,2,3
3125,72,0,3,4
3126,92,0,4,4
3127,97,0,4,4
3128,105,0,4,5
3129,113,0,5,5
3130,120,0,5,5
3131,129,0,5,0
3133,10,0,0,0
3134,13,0,0,1
3135,28,0,1,1
3136,42,0,1,2
3137,49,0,2,2
3138,65,0,2,3
3139,76,0,3,3
3140,83,0,3,3
3141,85,0,3,4
3142,93,0,4,4
3143,104,0,4,5
3144,116,0,5,5
3145,124,0,5,0
3147,11,0,0,0
3148,20,0,0,1
3149,28,0,1,1
3150,39,0,1,2
3151,51,0,2,3
3152,68,0,3,3
3153,78,0,3,3
3154,87,0,3,4
3155,91,0,4,4
3156,99,0,4,4
3157,110,0,4,5
3158,115,0,5,5
3159,120,0,5,6
3160,134,0,6,6
3161,137,0,6,6
3162,147,0,6,0
3164,13,0,0,0
3165,21,0,0,1
3166,30,0,1,1
3167,36,0,1,0
3169,13,0,0,1
3170,27,0,1,1
3171,41,0,1,2
3172,52,0,2,2
3173,57,0,2,3
3174,74,0,3,3
3175,84,0,3,4
3176,93,0,4,4
3177,102,0,4,5
3178,111,0,5,5
3179,117,0,5,5
3180,123,0,5,5
3181,130,0,5,6
3182,140,0,6,6
3183,146,0,6,6
3184,154,0,6,7
3185,164,0,7,0
3187,15,0,0,0
3188,22,0,0,1
3189,32,0,1,1
3190,40,0,1,1
3191,44,0,1,2
3192,51,0,2,2
3193,64,0,2,3
3194,73,0,3,3
3195,86,0,3,4
3196,93,0,4,0
3198,9,0,0,0
3199,19,0,0,1
3200,26,0,1,1
3201,30,0,1,1
3202,35,0,1,2
3203,49,0,2,2
3204,57,0,2,3
3205,70,0,3,3
3206,75,0,3,3
3207,82,0,3,3
3208,88,0,3,4
3209,99,0,4,4
3210,104,0,4,5
3211,118,0,5,5
3212,123,0,5,0
3214,6,0,0,0
3215,19,0,0,1
3216,25,0,1,1
3217,42,0,1,2
3218,58,0,2,3
3219,67,0,3,3
3220,72,0,3,3
3221,79,0,3,4
3222,89,0,4,4
3223,92,0,4,4
3224,98,0,4,4
3225,110,0,4,1
3227,25,0,1,1
3228,34,0,1,2
3229,46,0,2,2
3230,56,0,2,2
3231,63,0,2,3
3232,70,0,3,3
3233,76,0,3,3
3234,82,0,3,3
3235,87,0,3,4
3236,99,0,4,5
3237,122,0,5,5
3238,129,0,5,6
3239,134,0,6,0
3241,10,0,0,1
3242,23,0,1,1
3243,36,0,1,1
3244,43,0,1,3
3245,67,0,3,4
3246,91,0,4,4
3247,109,0,4,5
3248,121,0,5,0
3250,6,0,0,0
3251,20,0,0,1
3252,33,0,1,1
3253,40,0,1,2
3254,51,0,2,2
3255,63,0,2,3
3256,72,0,3,3
3257,85,0,3,4
3258,94,0,4,4
3259,103,0,4,0
3261,11,0,0,0
3262,20,0,0,1
3263,26,0,1,1
3264,41,0,1,2
3265,51,0,2,2
3266,61,0,2,0
3268,13,0,0,1
3269,30,0,1,1
3270,44,0,1,2
3271,50,0,2,2
3272,58,0,2,2
3273,66,0,2,3
3274,71,0,3,3
3275,83,0,3,4
3276,92,0,4,0
3278,6,0,0,1
3279,23,0,1,1
3280,37,0,1,2
3281,46,0,2,2
3282,51,0,2,2
3283,55,0,2,0
3285,9,0,0,1
3286,31,0,1,1
3287,42,0,1,2
3288,49,0,2,2
3289,57,0,2,3
3290,69,0,3,3
3291,75,0,3,3
3292,86,0,3,4
3293,106,0,4,5
3294,117,0,5,6
3295,136,0,6,6
3296,149,0,6,7
3297,155,0,7,7
3298,162,0,7,7
3299,172,0,7,8
3300,178,0,8,8
3301,186,0,8,8
3302,196,0,8,0
3304,6,0,0,0
3305,16,0,0,1
3306,23,0,1,1
3307,36,0,1,2
3308,46,0,2,2
3309,60,0,2,3
3310,71,0,3,3
3311,87,0,3,4
3312,95,0,4,5
3313,114,0,5,5
3314,119,0,5,6
3315,135,0,6,0
3317,15,0,0,0
3318,22,0,0,1
3319,30,0,1,1
3320,38,0,1,2
3321,49,0,2,2
3322,59,0,2,3
3323,67,0,3,3
3324,69,0,3,3
3325,72,0,3,3
3326,80,0,3,3
3327,85,0,3,4
3328,91,0,4,4
3329,105,0,4,5
3330,115,0,5,5
3331,121,0,5,5
3332,129,0,5,6
3333,136,0,6,6
3334,151,0,6,7
3335,156,0,7,0
3337,14,0,0,1
3338,27,0,1,1
3339,40,0,1,2
3340,54,0,2,0
3342,14,0,0,1
3343,23,0,1,1
3344,34,0,1,2
3345,49,0,2,2
3346,59,0,2,3
3347,69,0,3,3
3348,81,0,3,4
3349,93,0,4,0
3351,5,0,0,0
3352,14,0,0,1
3353,24,0,1,1
3354,27,0,1,1
3355,36,0,1,2
3356,51,0,2,2
3357,59,0,2,2
3358,66,0,2,3
3359,78,0,3,4
3360,89,0,4,4
3361,98,0,4,4
3362,105,0,4,5
3363,118,0,5,5
3364,124,0,5,6
3365,136,0,6,0
3367,13,0,0,0
3368,20,0,0,1
3369,26,0,1,1
3370,35,0,1,1
3371,38,0,1,1
3372,42,0,1,2
3373,51,0,2,2
3374,58,0,2,2
3375,62,0,2,3
3376,72,0,3,3
3377,86,0,3,0
3379,17,0,0,1
3380,25,0,1,1
3381,40,0,1,2
3382,46,0,2,2
3383,56,0,2,3
3384,68,0,3,3
3385,81,0,3,4
3386,97,0,4,4
3387,109,0,4,5
3388,116,0,5,5
3389,123,0,5,0
3391,12,0,0,1
3392,23,0,1,2
3393,46,0,2,2
3394,60,0,2,3
3395,76,0,3,3
3396,87,0,3,4
3397,95,0,4,4
3398,100,0,4,4
3399,109,0,4,5
3400,115,0,5,5
3401,126,0,5,6
3402,135,0,6,0
3404,7,0,0,0
3405,16,0,0,1
3406,23,0,1,1
3407,27,0,1,1
3408,42,0,1,2
3409,54,0,2,2
3410,66,0,2,3
3411,79,0,3,3
3412,85,0,3,4
3413,101,0,4,0
3415,14,0,0,0
3416,19,0,0,1
3417,30,0,1,1
3418,37,0,1,1
3419,44,0,1,2
3420,48,0,2,2
3421,57,0,2,2
3422,66,0,2,3
3423,78,0,3,3
3424,83,0,3,3
3425,88,0,3,4
3426,100,0,4,4
3427,105,0,4,0
3429,5,0,0,0
3430,11,0,0,0
3431,18,0,0,1
3432,23,0,1,1
3433,40,0,1,2
3434,47,0,2,2
3435,58,0,2,3
3436,75,0,3,4
3437,90,0,4,4
3438,100,0,4,4
3439,107,0,4,5
3440,124,0,5,5
3441,131,0,5,0
3443,20,0,0,1
3444,36,0,1,1
3445,37,0,1,1
3446,44,0,1,2
3447,49,0,2,2
3448,66,0,2,3
3449,81,0,3,3
3450,82,0,3,0
3452,11,0,0,0
3453,17,0,0,0
3454,22,0,0,1
3455,38,0,1,2
3456,50,0,2,3
3457,68,0,3,3
3458,75,0,3,3
3459,88,0,3,4
3460,104,0,4,4
3461,110,0,4,5
3462,123,0,5,6
3463,138,0,6,6
3464,148,0,6,7
3465,159,0,7,0
3467,5,0,0,0
3468,13,0,0,1
3469,26,0,1,1
3470,35,0,1,2
3471,48,0,2,2
3472,53,0,2,2
3473,62,0,2,2
3474,64,0,2,3
3475,70,0,3,3
3476,84,0,3,3
3477,86,0,3,4
3478,100,0,4,4
3479,109,0,4,5
3480,116,0,5,5
3481,120,0,5,0
3483,13,0,0,0
3484,19,0,0,1
3485,39,0,1,2
3486,50,0,2,2
3487,62,0,2,3
3488,73,0,3,3
3489,80,0,3,4
3490,89,0,4,4
3491,97,0,4,4
3492,104,0,4,5
3493,111,0,5,5
3494,118,0,5,5
3495,122,0,5,6
3496,134,0,6,0
3498,6,0,0,0
3499,16,0,0,0
3500,21,0,0,0
3501,22,0,0,1
3502,30,0,1,1
3503,40,0,1,2
3504,49,0,2,2
3505,56,0,2,2
3506,66,0,2,3
3507,78,0,3,3
3508,83,0,3,4
3509,101,0,4,4
3510,103,0,4,5
3511,113,0,5,5
3512,131,0,5,6
3513,134,0,6,0
3515,10,0,0,0
3516,17,0,0,0
3517,22,0,0,1
3518,29,0,1,2
3519,48,0,2,2
3520,62,0,2,3
3521,70,0,3,3
3522,80,0,3,4
3523,94,0,4,4
3524,97,0,4,0
3526,3,0,0,0
3527,11,0,0,0
3528,19,0,0,1
3529,39,0,1,2
3530,60,0,2,3
3531,71,0,3,3
3532,83,0,3,3
3533,88,0,3,4
3534,102,0,4,4
3535,105,0,4,5
3536,116,0,5,5
3537,126,0,5,6
3538,139,0,6,6
3539,143,0,6,0
3541,7,0,0,0
3542,18,0,0,1
3543,29,0,1,1
3544,37,0,1,2
3545,47,0,2,2
3546,53,0,2,2
3547,63,0,2,3
3548,75,0,3,3
3549,78,0,3,4
3550,92,0,4,4
3551,102,0,4,4
3552,110,0,4,5
3553,119,0,5,5
3554,128,0,5,6
3555,145,0,6,0
3557,8,0,0,1
3558,24,0,1,1
3559,36,0,1,2
3560,54,0,2,0
3562,21,0,0,1
3563,32,0,1,1
3564,39,0,1,2
3565,48,0,2,2
3566,51,0,2,2
3567,57,0,2,2
3568,66,0,2,3
3569,76,0,3,0
3571,6,0,0,0
3572,11,0,0,1
3573,27,0,1,1
3574,39,0,1,2
3575,46,0,2,2
3576,62,0,2,2
3577,66,0,2,3
3578,75,0,3,4
3579,91,0,4,4
3580,99,0,4,4
3581,107,0,4,0
3583,15,0,0,0
3584,17,0,0,0
3585,21,0,0,1
3586,26,0,1,1
3587,34,0,1,2
3588,49,0,2,2
3589,62,0,2,3
3590,75,0,3,4
3591,92,0,4,4
3592,98,0,4,4
3593,108,0,4,5
3594,114,0,5,5
3595,120,0,5,5
3596,128,0,5,6
3597,133,0,6,0
3599,8,0,0,0
3600,12,0,0,0
3601,18,0,0,1
3602,27,0,1,1
3603,39,0,1,2
3604,45,0,2,2
3605,58,0,2,3
3606,68,0,3,3
3607,77,0,3,3
3608,84,0,3,3
3609,88,0,3,4
3610,94,0,4,4
3611,100,0,4,4
3612,103,0,4,5
3613,127,0,5,6
3614,137,0,6,0
3616,10,0,0,1
3617,26,0,1,1
3618,29,0,1,1
3619,36,0,1,2
3620,45,0,2,2
3621,59,0,2,3
3622,69,0,3,3
3623,78,0,3,4
3624,96,0,4,4
3625,103,0,4,5
3626,118,0,5,5
3627,130,0,5,0
3629,12,0,0,0
3630,22,0,0,1
3631,31,0,1,1
3632,40,0,1,2
3633,54,0,2,3
3634,69,0,3,3
3635,74,0,3,3
3636,80,0,3,4
3637,89,0,4,4
3638,103,0,4,4
3639,108,0,4,0
3641,8,0,0,0
3642,18,0,0,1
3643,24,0,1,1
3644,30,0,1,1
3645,38,0,1,2
3646,45,0,2,2
3647,54,0,2,2
3648,64,0,2,3
3649,73,0,3,3
3650,80,0,3,4
3651,94,0,4,4
3652,95,0,4,4
3653,105,0,4,5
3654,128,0,5,6
3655,140,0,6,6
3656,150,0,6,0
3658,6,0,0,0
3659,16,0,0,1
3660,28,0,1,1
3661,35,0,1,2
3662,49,0,2,2
3663,58,0,2,3
3664,67,0,3,3
3665,75,0,3,0
3667,5,0,0,0
3668,13,0,0,0
3669,21,0,0,1
3670,28,0,1,1
3671,32,0,1,2
3672,46,0,2,2
3673,56,0,2,2
3674,61,0,2,3
3675,70,0,3,4
3676,91,0,4,4
3677,104,0,4,0
3679,13,0,0,0
3680,21,0,0,1
3681,25,0,1,1
3682,32,0,1,1
3683,42,0,1,2
3684,51,0,2,3
3685,72,0,3,3
3686,77,0,3,4
3687,94,0,4,4
3688,106,0,4,5
3689,115,0,5,5
3690,125,0,5,6
3691,139,0,6,6
3692,148,0,6,7
3693,156,0,7,0
3695,10,0,0,0
3696,18,0,0,1
3697,24,0,1,1
3698,39,0,1,2
3699,47,0,2,2
3700,53,0,2,3
3701,73,0,3,3
3702,83,0,3,4
3703,94,0,4,5
3704,112,0,5,5
3705,119,0,5,5
3706,131,0,5,6
3707,147,0,6,7
3708,162,0,7,0
3710,14,0,0,1
3711,26,0,1,1
3712,40,0,1,2
3713,50,0,2,2
3714,57,0,2,2
3715,61,0,2,3
3716,72,0,3,0
3718,8,0,0,0
3719,21,0,0,1
3720,30,0,1,1
3721,42,0,1,2
3722,55,0,2,2
3723,57,0,2,2
3724,63,0,2,3
3725,72,0,3,3
3726,81,0,3,4
3727,92,0,4,4
3728,100,0,4,5
3729,122,0,5,6
3730,144,0,6,0
3732,8,0,0,0
3733,22,0,0,1
3734,32,0,1,1
3735,40,0,1,2
3736,54,0,2,3
3737,70,0,3,3
3738,78,0,3,4
3739,92,0,4,4
3740,104,0,4,5
3741,118,0,5,0
3743,4,0,0,0
3744,18,0,0,1
3745,30,0,1,1
3746,41,0,1,2
3747,61,0,2,3
3748,67,0,3,3
3749,69,0,3,3
3750,74,0,3,3
3751,85,0,3,3
3752,88,0,3,4
3753,93,0,4,4
3754,98,0,4,4
3755,107,0,4,0
3757,11,0,0,1
3758,27,0,1,1
3759,29,0,1,2
3760,48,0,2,2
3761,51,0,2,2
3762,58,0,2,2
3763,64,0,2,3
3764,73,0,3,3
3765,81,0,3,3
3766,87,0,3,4
3767,93,0,4,4
3768,104,0,4,5
3769,111,0,5,5
3770,121,0,5,5
3771,129,0,5,6
3772,143,0,6,0
3774,9,0,0,0
3775,22,0,0,1
3776,35,0,1,2
3777,52,0,2,3
3778,68,0,3,3
3779,74,0,3,3
3780,83,0,3,0
3782,10,0,0,0
3783,20,0,0,1
3784,30,0,1,1
3785,34,0,1,1
3786,44,0,1,2
3787,57,0,2,2
3788,65,0,2,0
3790,12,0,0,1
3791,26,0,1,1
3792,28,0,1,2
3793,47,0,2,2
3794,57,0,2,2
3795,64,0,2,3
3796,75,0,3,3
3797,82,0,3,3
3798,87,0,3,4
3799,104,0,4,5
3800,120,0,5,6
3801,135,0,6,6
3802,145,0,6,6
3803,153,0,6,0
3805,9,0,0,1
3806,29,0,1,1
3807,37,0,1,2
3808,45,0,2,2
3809,54,0,2,3
3810,68,0,3,3
3811,77,0,3,3
3812,88,0,3,4
3813,97,0,4,4
3814,110,0,4,5
3815,121,0,5,5
3816,131,0,5,6
3817,135,0,6,0
3819,8,0,0,1
3820,28,0,1,1
3821,41,0,1,2
3822,54,0,2,2
3823,66,0,2,3
3824,78,0,3,3
3825,81,0,3,3
3826,88,0,3,4
3827,94,0,4,0
3829,11,0,0,0
3830,14,0,0,0
3831,17,0,0,1
3832,31,0,1,1
3833,44,0,1,2
3834,54,0,2,3
3835,67,0,3,3
3836,74,0,3,4
3837,89,0,4,4
3838,101,0,4,5
3839,124,0,5,0
3841,14,0,0,1
3842,24,0,1,1
3843,32,0,1,1
3844,37,0,1,2
3845,53,0,2,2
3846,60,0,2,3
3847,76,0,3,3
3848,84,0,3,3
3849,88,0,3,4
3850,96,0,4,4
3851,101,0,4,4
3852,104,0,4,0
3854,7,0,0,0
3855,15,0,0,1
3856,28,0,1,1
3857,39,0,1,2
3858,47,0,2,2
3859,58,0,2,3
3860,73,0,3,3
3861,84,0,3,4
3862,93,0,4,5
3863,112,0,5,0
3865,14,0,0,1
3866,24,0,1,1
3867,37,0,1,2
3868,45,0,2,2
3869,57,0,2,3
3870,67,0,3,3
3871,77,0,3,4
3872,92,0,4,4
3873,105,0,4,5
3874,113,0,5,5
3875,126,0,5,6
3876,134,0,6,6
3877,145,0,6,0
3879,10,0,0,1
3880,25,0,1,1
3881,32,0,1,1
3882,38,0,1,1
3883,42,0,1,2
3884,56,0,2,3
3885,67,0,3,3
3886,81,0,3,4
3887,90,0,4,4
3888,109,0,4,5
3889,116,0,5,6
3890,137,0,6,6
3891,142,0,6,0
3893,9,0,0,1
3894,27,0,1,1
3895,41,0,1,2
3896,53,0,2,3
3897,69,0,3,3
3898,83,0,3,4
3899,100,0,4,0
3901,8,0,0,0
3902,20,0,0,1
3903,36,0,1,2
3904,51,0,2,2
3905,63,0,2,3
3906,86,0,3,4
3907,95,0,4,5
3908,113,0,5,0
3910,17,0,0,1
3911,28,0,1,1
3912,37,0,1,2
3913,47,0,2,2
3914,55,0,2,2
3915,62,0,2,3
3916,71,0,3,3
3917,80,0,3,0
3919,7,0,0,0
3920,20,0,0,1
3921,30,0,1,2
3922,46,0,2,2
3923,55,0,2,3
3924,70,0,3,3
3925,78,0,3,3
3926,88,0,3,0
3928,8,0,0,0
3929,16,0,0,1
3930,28,0,1,1
3931,36,0,1,1
3932,43,0,1,2
3933,62,0,2,0
3935,10,0,0,0
3936,22,0,0,1
3937,33,0,1,1
3938,42,0,1,2
3939,53,0,2,2
3940,60,0,2,3
3941,76,0,3,3
3942,83,0,3,4
3943,95,0,4,0
3945,22,0,0,1
3946,30,0,1,1
3947,37,0,1,2
3948,46,0,2,2
3949,53,0,2,2
3950,60,0,2,0
3952,11,0,0,0
3953,20,0,0,1
3954,33,0,1,1
3955,39,0,1,2
3956,48,0,2,2
3957,60,0,2,3
3958,70,0,3,3
3959,77,0,3,3
3960,83,0,3,4
3961,107,0,4,5
3962,113,0,5,0
3964,4,0,0,0
3965,14,0,0,0
3966,22,0,0,1
3967,30,0,1,1
3968,40,0,1,2
3969,60,0,2,2
3970,62,0,2,3
3971,72,0,3,3
3972,83,0,3,4
3973,94,0,4,0
3975,9,0,0,0
3976,14,0,0,1
3977,27,0,1,1
3978,37,0,1,2
3979,52,0,2,2
3980,65,0,2,0
3982,10,0,0,1
3983,31,0,1,1
3984,39,0,1,2
3985,48,0,2,2
3986,59,0,2,2
3987,65,0,2,3
3988,71,0,3,3
3989,82,0,3,4
3990,94,0,4,4
3991,107,0,4,5
3992,118,0,5,5
3993,129,0,5,6
3994,146,0,6,6
3995,153,0,6,7
3996,169,0,7,0
3998,7,0,0,0
3999,10,0,0,0
4000,19,0,0,1
4001,37,0,1,2
4002,48,0,2,2
4003,53,0,2,2
4004,64,0,2,3
4005,72,0,3,3
4006,80,0,3,3
4007,84,0,3,3
4008,88,0,3,4
4009,100,0,4,4
4010,108,0,4,5
4011,120,0,5,6
4012,134,0,6,0
4014,6,0,0,0
4015,12,0,0,0
4016,20,0,0,1
4017,30,0,1,1
4018,37,0,1,2
4019,49,0,2,2
4020,60,0,2,3
4021,71,0,3,3
4022,84,0,3,4
4023,97,0,4,0
4025,9,0,0,0
4026,14,0,0,0
4027,17,0,0,1
4028,26,0,1,1
4029,43,0,1,2
4030,54,0,2,3
4031,69,0,3,3
4032,74,0,3,3
4033,84,0,3,4
4034,96,0,4,4
4035,109,0,4,5
4036,123,0,5,0
4038,15,0,0,1
4039,24,0,1,1
4040,33,0,1,2
4041,47,0,2,2
4042,56,0,2,2
4043,62,0,2,3
4044,73,0,3,3
4045,82,0,3,4
4046,89,0,4,4
4047,104,0,4,0
4049,6,0,0,0
4050,16,0,0,0
4051,20,0,0,1
4052,28,0,1,1
4053,33,0,1,1
4054,41,0,1,2
4055,52,0,2,2
4056,54,0,2,2
4057,63,0,2,3
4058,74,0,3,3
4059,78,0,3,0
4061,13,0,0,0
4062,20,0,0,1
4063,33,0,1,1
4064,39,0,1,2
4065,55,0,2,3
4066,72,0,3,3
4067,79,0,3,4
4068,92,0,4,4
4069,109,0,4,5
4070,121,0,5,0
4072,11,0,0,0
4073,12,0,0,1
4074,34,0,1,1
4075,41,0,1,2
4076,49,0,2,2
4077,66,0,2,3
4078,74,0,3,3
4079,88,0,3,4
4080,95,0,4,0
4082,6,0,0,0
4083,13,0,0,0
4084,20,0,0,1
4085,26,0,1,1
4086,39,0,1,2
4087,47,0,2,2
4088,59,0,2,3
4089,79,0,3,3
4090,85,0,3,4
4091,89,0,4,4
4092,96,0,4,5
4093,114,0,5,0
4095,10,0,0,0
4096,17,0,0,1
4097,28,0,1,1
4098,40,0,1,2
4099,47,0,2,2
4100,54,0,2,2
4101,62,0,2,2
4102,64,0,2,3
4103,68,0,3,3
4104,72,0,3,3
4105,78,0,3,3
4106,83,0,3,4
4107,97,0,4,4
4108,105,0,4,0
4110,19,0,0,1
4111,36,0,1,2
4112,51,0,2,2
4113,55,0,2,2
4114,63,0,2,3
4115,73,0,3,3
4116,81,0,3,4
4117,94,0,4,4
4118,106,0,4,5
4119,117,0,5,5
4120,126,0,5,0
4122,6,0,0,1
4123,24,0,1,1
4124,32,0,1,1
4125,44,0,1,2
4126,52,0,2,2
4127,57,0,2,2
4128,64,0,2,3
4129,75,0,3,3
4130,83,0,3,4
4131,91,0,4,0
4133,18,0,0,0
4134,22,0,0,1
4135,27,0,1,1
4136,42,0,1,2
4137,50,0,2,2
4138,60,0,2,3
4139,71,0,3,3
4140,83,0,3,4
4141,90,0,4,4
4142,100,0,4,4
4143,104,0,4,0
4145,9,0,0,0
4146,14,0,0,1
4147,25,0,1,1
4148,32,0,1,1
4149,38,0,1,2
4150,47,0,2,2
4151,61,0,2,2
4152,64,0,2,3
4153,77,0,3,3
4154,82,0,3,4
4155,92,0,4,5
4156,112,0,5,5
4157,117,0,5,5
4158,123,0,5,6
4159,133,0,6,6
4160,139,0,6,6
4161,149,0,6,6
4162,153,0,6,0
4164,16,0,0,0
4165,22,0,0,1
4166,31,0,1,2
4167,45,0,2,2
4168,57,0,2,3
4169,67,0,3,3
4170,74,0,3,3
4171,80,0,3,4
4172,90,0,4,4
4173,96,0,4,4
4174,104,0,4,5
4175,118,0,5,0
4177,7,0,0,0
4178,22,0,0,1
4179,30,0,1,1
4180,40,0,1,2
4181,48,0,2,2
4182,64,0,2,3
4183,75,0,3,3
4184,79,0,3,4
4185,89,0,4,4
4186,105,0,4,5
4187,112,0,5,0
4189,7,0,0,1
4190,23,0,1,1
4191,29,0,1,1
4192,39,0,1,2
4193,49,0,2,2
4194,55,0,2,2
4195,63,0,2,3
4196,68,0,3,0
4198,8,0,0,0
4199,14,0,0,1
4200,24,0,1,1
4201,31,0,1,1
4202,39,0,1,2
4203,54,0,2,2
4204,60,0,2,2
4205,64,0,2,3
4206,72,0,3,3
4207,81,0,3,4
4208,91,0,4,5
4209,111,0,5,5
4210,121,0,5,6
4211,138,0,6,0
4213,6,0,0,0
4214,11,0,0,0
4215,21,0,0,1
4216,31,0,1,1
4217,38,0,1,2
4218,48,0,2,2
4219,58,0,2,3
4220,73,0,3,3
4221,88,0,3,4
4222,93,0,4,4
4223,96,0,4,0
4225,17,0,0,1
4226,25,0,1,1
4227,33,0,1,1
4228,41,0,1,2
4229,45,0,2,2
4230,53,0,2,2
4231,59,0,2,0
4233,10,0,0,0
4234,22,0,0,1
4235,33,0,1,1
4236,42,0,1,2
4237,52,0,2,3
4238,70,0,3,0
4240,7,0,0,0
4241,15,0,0,1
4242,26,0,1,1
4243,29,0,1,1
4244,42,0,1,2
4245,50,0,2,2
4246,60,0,2,3
4247,68,0,3,3
4248,82,0,3,3
4249,85,0,3,4
4250,91,0,4,4
4251,97,0,4,4
4252,103,0,4,5
4253,112,0,5,5
4254,123,0,5,6
4255,133,0,6,0
4257,3,0,0,0
4258,12,0,0,0
4259,21,0,0,1
4260,34,0,1,1
4261,44,0,1,2
4262,57,0,2,2
4263,61,0,2,3
4264,77,0,3,4
4265,94,0,4,4
4266,100,0,4,5
4267,116,0,5,5
4268,119,0,5,5
4269,128,0,5,6
4270,144,0,6,7
4271,155,0,7,0
4273,7,0,0,0
4274,17,0,0,1
4275,24,0,1,1
4276,32,0,1,1
4277,44,0,1,2
4278,50,0,2,3
4279,68,0,3,3
4280,74,0,3,4
4281,90,0,4,4
4282,96,0,4,4
4283,108,0,4,5
4284,124,0,5,6
4285,144,0,6,0
4287,15,0,0,1
4288,26,0,1,1
4289,32,0,1,1
4290,42,0,1,2
4291,46,0,2,2
4292,52,0,2,2
4293,59,0,2,3
4294,73,0,3,3
4295,77,0,3,3
4296,85,0,3,4
4297,95,0,4,4
4298,103,0,4,5
4299,115,0,5,0
4301,7,0,0,0
4302,21,0,0,1
4303,28,0,1,1
4304,34,0,1,2
4305,45,0,2,2
4306,62,0,2,3
4307,78,0,3,0
4309,7,0,0,0
4310,18,0,0,1
4311,25,0,1,1
4312,32,0,1,1
4313,39,0,1,2
4314,50,0,2,2
4315,59,0,2,3
4316,67,0,3,3
4317,71,0,3,3
4318,79,0,3,3
4319,88,0,3,4
4320,103,0,4,5
4321,116,0,5,0
4323,7,0,0,0
4324,17,0,0,1
4325,33,0,1,1
4326,43,0,1,2
4327,49,0,2,2
4328,62,0,2,3
4329,72,0,3,4
4330,89,0,4,4
4331,98,0,4,4
4332,108,0,4,0
4334,4,0,0,0
4335,13,0,0,0
4336,18,0,0,1
4337,34,0,1,1
4338,44,0,1,2
4339,53,0,2,2
4340,65,0,2,3
4341,71,0,3,3
4342,81,0,3,0
4344,6,0,0,0
4345,14,0,0,1
4346,40,0,1,2
4347,52,0,2,2
4348,61,0,2,2
4349,64,0,2,3
4350,70,0,3,3
4351,78,0,3,3
4352,79,0,3,4
4353,90,0,4,4
4354,101,0,4,4
4355,109,0,4,0
4357,4,0,0,0
4358,22,0,0,1
4359,31,0,1,1
4360,35,0,1,2
4361,47,0,2,0
4363,12,0,0,1
4364,28,0,1,1
4365,31,0,1,1
4366,39,0,1,2
4367,51,0,2,2
4368,64,0,2,3
4369,83,0,3,4
4370,96,0,4,4
4371,101,0,4,5
4372,113,0,5,5
4373,120,0,5,5
4374,131,0,5,6
4375,140,0,6,0
4377,7,0,0,0
4378,11,0,0,0
4379,16,0,0,1
4380,27,0,1,1
4381,37,0,1,2
4382,45,0,2,2
4383,56,0,2,3
4384,71,0,3,3
4385,75,0,3,3
4386,88,0,3,4
4387,108,0,4,5
4388,116,0,5,5
4389,132,0,5,0
4391,14,0,0,1
4392,25,0,1,1
4393,35,0,1,1
4394,44,0,1,2
4395,53,0,2,3
4396,72,0,3,3
4397,77,0,3,3
4398,86,0,3,4
4399,95,0,4,0
4401,12,0,0,0
4402,19,0,0,1
4403,31,0,1,1
4404,41,0,1,2
4405,53,0,2,2
4406,62,0,2,3
4407,75,0,3,3
4408,81,0,3,0
4410,15,0,0,1
4411,30,0,1,1
4412,41,0,1,2
4413,51,0,2,2
4414,58,0,2,3
4415,72,0,3,3
4416,81,0,3,4
4417,89,0,4,4
4418,104,0,4,5
4419,111,0,5,5
4420,123,0,5,6
4421,138,0,6,6
4422,147,0,6,0
4424,15,0,0,0
4425,22,0,0,1
4426,32,0,1,1
4427,39,0,1,1
4428,41,0,1,2
4429,54,0,2,2
4430,60,0,2,3
4431,71,0,3,3
4432,74,0,3,4
4433,90,0,4,4
4434,100,0,4,4
4435,105,0,4,5
4436,111,0,5,0
4438,8,0,0,0
4439,16,0,0,1
4440,29,0,1,1
4441,36,0,1,1
4442,43,0,1,2
4443,48,0,2,2
4444,59,0,2,3
4445,74,0,3,3
4446,82,0,3,4
4447,93,0,4,4
4448,99,0,4,0
4450,5,0,0,0
4451,10,0,0,1
4452,30,0,1,1
4453,42,0,1,2
4454,57,0,2,2
4455,64,0,2,3
4456,74,0,3,3
4457,84,0,3,0
4459,15,0,0,1
4460,30,0,1,1
4461,39,0,1,1
4462,42,0,1,2
4463,49,0,2,2
4464,56,0,2,2
4465,61,0,2,3
4466,79,0,3,4
4467,91,0,4,4
4468,104,0,4,5
4469,132,0,5,6
4470,140,0,6,7
4471,158,0,7,0
4473,7,0,0,0
4474,17,0,0,1
4475,31,0,1,1
4476,40,0,1,2
4477,49,0,2,2
4478,57,0,2,3
4479,70,0,3,3
4480,74,0,3,3
4481,82,0,3,3
4482,86,0,3,4
4483,95,0,4,0
4485,16,0,0,1
4486,23,0,1,1
4487,32,0,1,2
4488,52,0,2,3
4489,73,0,3,3
4490,85,0,3,4
4491,97,0,4,4
4492,101,0,4,4
4493,106,0,4,0
4495,10,0,0,1
4496,24,0,1,1
4497,30,0,1,1
4498,40,0,1,2
4499,45,0,2,2
4500,53,0,2,3
4501,69,0,3,3
4502,85,0,3,4
4503,93,0,4,4
4504,104,0,4,5
4505,117,0,5,5
4506,118,0,5,0
4508,16,0,0,1
4509,24,0,1,1
4510,35,0,1,1
4511,41,0,1,2
4512,53,0,2,2
4513,59,0,2,3
4514,78,0,3,3
4515,85,0,3,3
4516,88,0,3,4
4517,98,0,4,4
4518,110,0,4,5
4519,117,0,5,6
4520,133,0,6,0
4522,10,0,0,0
4523,14,0,0,0
4524,21,0,0,1
4525,35,0,1,1
4526,39,0,1,2
4527,45,0,2,2
4528,55,0,2,3
4529,70,0,3,3
4530,77,0,3,4
4531,94,0,4,4
4532,103,0,4,4
4533,107,0,4,5
4534,119,0,5,5
4535,127,0,5,6
4536,137,0,6,6
4537,152,0,6,7
4538,160,0,7,0
4540,7,0,0,1
4541,23,0,1,1
4542,28,0,1,1
4543,35,0,1,1
4544,41,0,1,2
4545,52,0,2,2
4546,65,0,2,3
4547,74,0,3,3
4548,86,0,3,4
4549,92,0,4,4
4550,107,0,4,5
4551,131,0,5,0
4553,11,0,0,1
4554,29,0,1,1
4555,31,0,1,1
4556,39,0,1,2
4557,52,0,2,2
4558,59,0,2,3
4559,70,0,3,3
4560,81,0,3,3
4561,88,0,3,4
4562,97,0,4,4
4563,106,0,4,5
4564,113,0,5,5
4565,127,0,5,0
4567,7,0,0,0
4568,15,0,0,0
4569,22,0,0,1
4570,34,0,1,2
4571,45,0,2,2
4572,47,0,2,2
4573,53,0,2,2
4574,57,0,2,2
4575,64,0,2,3
4576,83,0,3,3
4577,88,0,3,4
4578,96,0,4,4
4579,104,0,4,5
4580,117,0,5,5
4581,130,0,5,6
4582,135,0,6,6
4583,144,0,6,7
4584,161,0,7,7
4585,168,0,7,7
4586,172,0,7,8
4587,190,0,8,0
4589,7,0,0,0
4590,19,0,0,1
4591,25,0,1,1
4592,31,0,1,1
4593,44,0,1,2
4594,50,0,2,2
4595,62,0,2,2
4596,65,0,2,3
4597,75,0,3,3
4598,83,0,3,4
4599,100,0,4,4
4600,105,0,4,5
4601,112,0,5,5
4602,118,0,5,5
4603,124,0,5,5
4604,131,0,5,0
4606,18,0,0,1
4607,27,0,1,1
4608,40,0,1,2
4609,49,0,2,2
4610,60,0,2,2
4611,64,0,2,3
4612,69,0,3,3
4613,75,0,3,3
4614,86,0,3,4
4615,99,0,4,4
4616,108,0,4,4
4617,110,0,4,5
4618,124,0,5,6
4619,134,0,6,6
4620,140,0,6,6
4621,145,0,6,0
4623,7,0,0,0
4624,16,0,0,1
4625,25,0,1,1
4626,28,0,1,1
4627,38,0,1,2
4628,58,0,2,3
4629,68,0,3,3
4630,73,0,3,3
4631,82,0,3,4
4632,95,0,4,0
4634,9,0,0,1
4635,24,0,1,1
4636,36,0,1,2
4637,51,0,2,2
4638,63,0,2,3
4639,69,0,3,3
4640,79,0,3,4
4641,96,0,4,4
4642,106,0,4,5
4643,115,0,5,5
4644,124,0,5,5
4645,125,0,5,0
4647,10,0,0,0
4648,13,0,0,0
4649,19,0,0,1
4650,29,0,1,1
4651,36,0,1,1
4652,43,0,1,2
4653,49,0,2,2
4654,52,0,2,2
4655,59,0,2,3
4656,73,0,3,3
4657,77,0,3,3
4658,81,0,3,4
4659,92,0,4,4
4660,107,0,4,5
4661,113,0,5,0
4663,5,0,0,0
4664,18,0,0,1
4665,26,0,1,1
4666,37,0,1,2
4667,45,0,2,2
4668,62,0,2,3
4669,68,0,3,3
4670,85,0,3,4
4671,102,0,4,5
4672,117,0,5,5
4673,121,0,5,6
4674,140,0,6,6
4675,147,0,6,6
4676,154,0,6,7
4677,170,0,7,0
4679,7,0,0,0
4680,21,0,0,2
4681,46,0,2,2
4682,56,0,2,2
4683,59,0,2,2
4684,66,0,2,3
4685,74,0,3,4
4686,91,0,4,4
4687,105,0,4,5
4688,119,0,5,6
4689,135,0,6,6
4690,151,0,6,0
4692,9,0,0,0
4693,13,0,0,0
4694,21,0,0,1
4695,35,0,1,1
4696,42,0,1,2
4697,51,0,2,2
4698,58,0,2,3
4699,70,0,3,3
4700,74,0,3,3
4701,80,0,3,4
4702,90,0,4,4
4703,97,0,4,4
4704,102,0,4,4
4705,108,0,4,5
4706,120,0,5,5
4707,127,0,5,5
4708,132,0,5,0
4710,11,0,0,0
4711,20,0,0,1
4712,25,0,1,1
4713,44,0,1,2
4714,55,0,2,2
4715,61,0,2,3
4716,67,0,3,3
4717,74,0,3,3
4718,87,0,3,4
4719,91,0,4,4
4720,97,0,4,4
4721,108,0,4,0
4723,8,0,0,0
4724,15,0,0,1
4725,34,0,1,2
4726,47,0,2,2
4727,61,0,2,3
4728,69,0,3,3
4729,83,0,3,4
4730,98,0,4,4
4731,103,0,4,5
4732,114,0,5,5
4733,120,0,5,5
4734,125,0,5,6
4735,143,0,6,6
4736,147,0,6,0
4738,13,0,0,1
4739,24,0,1,1
4740,31,0,1,1
4741,34,0,1,1
4742,42,0,1,2
4743,62,0,2,3
4744,68,0,3,0
4746,9,0,0,1
4747,25,0,1,1
4748,33,0,1,1
4749,36,0,1,2
4750,46,0,2,3
4751,70,0,3,3
4752,81,0,3,4
4753,89,0,4,0
4755,7,0,0,0
4756,15,0,0,1
4757,32,0,1,1
4758,35,0,1,1
4759,38,0,1,2
4760,46,0,2,2
4761,59,0,2,2
4762,61,0,2,3
4763,68,0,3,3
4764,82,0,3,4
4765,91,0,4,4
4766,110,0,4,0
4768,12,0,0,0
4769,19,0,0,1
4770,35,0,1,1
4771,40,0,1,2
4772,52,0,2,2
4773,59,0,2,0
4775,13,0,0,0
4776,16,0,0,1
4777,23,0,1,1
4778,33,0,1,1
4779,41,0,1,2
4780,53,0,2,2
4781,61,0,2,3
4782,67,0,3,3
4783,80,0,3,0
4785,11,0,0,0
4786,18,0,0,1
4787,30,0,1,2
4788,45,0,2,2
4789,54,0,2,2
4790,62,0,2,3
4791,67,0,3,3
4792,86,0,3,4
4793,99,0,4,5
4794,114,0,5,5
4795,125,0,5,6
4796,133,0,6,0
4798,13,0,0,1
4799,23,0,1,1
4800,31,0,1,1
4801,41,0,1,2
4802,48,0,2,2
4803,55,0,2,3
4804,69,0,3,3
4805,79,0,3,3
4806,84,0,3,0
4808,14,0,0,1
4809,29,0,1,1
4810,32,0,1,1
4811,36,0,1,2
4812,46,0,2,2
4813,58,0,2,3
4814,69,0,3,3
4815,78,0,3,4
4816,89,0,4,0
4818,8,0,0,0
4819,17,0,0,1
4820,23,0,1,1
4821,33,0,1,1
4822,38,0,1,1
4823,40,0,1,2
4824,45,0,2,2
4825,52,0,2,2
4826,64,0,2,3
4827,73,0,3,3
4828,83,0,3,4
4829,91,0,4,4
4830,103,0,4,5
4831,112,0,5,5
4832,126,0,5,0
4834,20,0,0,1
4835,32,0,1,1
4836,42,0,1,2
4837,54,0,2,2
4838,59,0,2,2
4839,66,0,2,3
4840,73,0,3,3
4841,79,0,3,3
4842,83,0,3,4
4843,91,0,4,4
4844,95,0,4,4
4845,102,0,4,5
4846,115,0,5,5
4847,128,0,5,6
4848,133,0,6,6
4849,147,0,6,0
4851,8,0,0,0
4852,17,0,0,1
4853,33,0,1,1
4854,39,0,1,2
4855,47,0,2,2
4856,49,0,2,2
4857,56,0,2,2
4858,59,0,2,3
4859,73,0,3,4
4860,89,0,4,4
4861,102,0,4,5
4862,113,0,5,5
4863,125,0,5,0
4865,15,0,0,1
4866,30,0,1,1
4867,37,0,1,1
4868,44,0,1,2
4869,46,0,2,2
4870,59,0,2,2
4871,64,0,2,3
4872,78,0,3,3
4873,81,0,3,3
4874,88,0,3,4
4875,99,0,4,4
4876,109,0,4,5
4877,117,0,5,6
4878,134,0,6,6
4879,148,0,6,0
4881,4,0,0,0
4882,15,0,0,0
4883,22,0,0,1
4884,30,0,1,2
4885,48,0,2,2
4886,61,0,2,3
4887,70,0,3,3
4888,84,0,3,4
4889,99,0,4,0
4891,6,0,0,0
4892,15,0,0,1
4893,24,0,1,1
4894,38,0,1,1
4895,42,0,1,2
4896,49,0,2,2
4897,61,0,2,3
4898,68,0,3,3
4899,86,0,3,4
4900,103,0,4,4
4901,104,0,4,4
4902,109,0,4,5
4903,114,0,5,5
4904,131,0,5,0
4906,13,0,0,1
4907,27,0,1,1
4908,37,0,1,2
4909,49,0,2,2
4910,59,0,2,3
4911,69,0,3,3
4912,81,0,3,3
4913,87,0,3,4
4914,92,0,4,4
4915,103,0,4,5
4916,114,0,5,5
4917,124,0,5,5
4918,132,0,5,6
4919,137,0,6,0
4921,17,0,0,1
4922,29,0,1,1
4923,38,0,1,2
4924,47,0,2,2
4925,64,0,2,3
4926,75,0,3,4
4927,89,0,4,4
4928,102,0,4,0
4930,10,0,0,0
4931,15,0,0,1
4932,33,0,1,1
4933,38,0,1,2
4934,47,0,2,2
4935,65,0,2,3
4936,77,0,3,3
4937,83,0,3,4
4938,92,0,4,4
4939,101,0,4,0
4941,7,0,0,0
4942,11,0,0,0
4943,20,0,0,1
4944,28,0,1,1
4945,32,0,1,1
4946,38,0,1,0
4948,10,0,0,0
4949,22,0,0,1
4950,31,0,1,1
4951,42,0,1,2
4952,47,0,2,2
4953,56,0,2,2
4954,66,0,2,3
4955,84,0,3,3
4956,87,0,3,4
4957,96,0,4,0
4959,15,0,0,0
4960,22,0,0,1
4961,35,0,1,2
4962,45,0,2,2
4963,57,0,2,3
4964,75,0,3,0
4966,9,0,0,0
4967,15,0,0,1
4968,23,0,1,1
4969,33,0,1,2
4970,46,0,2,2
4971,51,0,2,2
4972,63,0,2,3
4973,80,0,3,0
4975,13,0,0,0
4976,15,0,0,1
4977,23,0,1,1
4978,28,0,1,1
4979,36,0,1,2
4980,47,0,2,2
4981,56,0,2,2
4982,62,0,2,3
4983,69,0,3,3
4984,82,0,3,4
4985,102,0,4,4
4986,110,0,4,5
4987,120,0,5,0
4989,7,0,0,0
4990,15,0,0,1
4991,26,0,1,1
4992,36,0,1,1
4993,43,0,1,2
4994,48,0,2,2
4995,53,0,2,2
4996,60,0,2,3
