,milage,diff,action
0,23,8.0,0
1,31,5.0,0
2,36,10.0,0
3,46,10.0,0
4,56,10.0,0
5,66,9.0,0
6,75,10.0,0
7,85,1.0,0
8,86,9.0,0
9,95,11.0,0
10,106,18.0,0
11,124,11.0,0
12,135,7.0,0
13,142,-133.0,1
14,9,9.0,0
15,18,10.0,0
16,28,16.0,0
17,44,10.0,0
18,54,10.0,0
19,64,7.0,0
20,71,6.0,0
21,77,17.0,0
22,94,2.0,0
23,96,13.0,0
24,109,4.0,0
25,113,12.0,0
26,125,-117.0,1
27,8,4.0,0
28,12,6.0,0
29,18,3.0,0
30,21,14.0,0
31,35,15.0,0
32,50,6.0,0
33,56,5.0,0
34,61,13.0,0
35,74,14.0,0
36,88,14.0,0
37,102,5.0,0
38,107,-102.0,1
39,5,15.0,0
40,20,11.0,0
41,31,23.0,0
42,54,6.0,0
43,60,11.0,0
44,71,11.0,0
45,82,7.0,0
46,89,8.0,0
47,97,10.0,0
48,107,12.0,0
49,119,-113.0,1
50,6,9.0,0
51,15,7.0,0
52,22,9.0,0
53,31,16.0,0
54,47,14.0,0
55,61,8.0,0
56,69,8.0,0
57,77,4.0,0
58,81,7.0,0
59,88,15.0,0
60,103,8.0,0
61,111,3.0,0
62,114,11.0,0
63,125,-107.0,1
64,18,10.0,0
65,28,10.0,0
66,38,25.0,0
67,63,17.0,0
68,80,25.0,0
69,105,10.0,0
70,115,9.0,0
71,124,8.0,0
72,132,9.0,0
73,141,10.0,0
74,151,15.0,0
75,166,-156.0,1
76,10,4.0,0
77,14,10.0,0
78,24,19.0,0
79,43,18.0,0
80,61,9.0,0
81,70,7.0,0
82,77,19.0,0
83,96,7.0,0
84,103,-93.0,1
85,10,4.0,0
86,14,8.0,0
87,22,14.0,0
88,36,8.0,0
89,44,8.0,0
90,52,8.0,0
91,60,6.0,0
92,66,11.0,0
93,77,1.0,0
94,78,10.0,0
95,88,29.0,0
96,117,1.0,0
97,118,7.0,0
98,125,17.0,0
99,142,15.0,0
100,157,-155.0,1
101,2,4.0,0
102,6,7.0,0
103,13,11.0,0
104,24,11.0,0
105,35,22.0,0
106,57,6.0,0
107,63,13.0,0
108,76,8.0,0
109,84,-81.0,1
110,3,9.0,0
111,12,4.0,0
112,16,11.0,0
113,27,14.0,0
114,41,9.0,0
115,50,11.0,0
116,61,16.0,0
117,77,4.0,0
118,81,3.0,0
119,84,14.0,0
120,98,10.0,0
121,108,7.0,0
122,115,12.0,0
123,127,1.0,0
124,128,9.0,0
125,137,-121.0,1
126,16,7.0,0
127,23,9.0,0
128,32,8.0,0
129,40,6.0,0
130,46,7.0,0
131,53,12.0,0
132,65,10.0,0
133,75,-67.0,1
134,8,10.0,0
135,18,10.0,0
136,28,3.0,0
137,31,6.0,0
138,37,9.0,0
139,46,3.0,0
140,49,17.0,0
141,66,13.0,0
142,79,11.0,0
143,90,11.0,0
144,101,10.0,0
145,111,15.0,0
146,126,7.0,0
147,133,-118.0,1
148,15,8.0,0
149,23,23.0,0
150,46,3.0,0
151,49,8.0,0
152,57,14.0,0
153,71,7.0,0
154,78,2.0,0
155,80,-64.0,1
156,16,6.0,0
157,22,11.0,0
158,33,6.0,0
159,39,10.0,0
160,49,18.0,0
161,67,12.0,0
162,79,10.0,0
163,89,5.0,0
164,94,8.0,0
165,102,7.0,0
166,109,19.0,0
167,128,-124.0,1
168,4,3.0,0
169,7,8.0,0
170,15,3.0,0
171,18,9.0,0
172,27,6.0,0
173,33,10.0,0
174,43,16.0,0
175,59,14.0,0
176,73,10.0,0
177,83,11.0,0
178,94,10.0,0
179,104,11.0,0
180,115,8.0,0
181,123,8.0,0
182,131,15.0,0
183,146,9.0,0
184,155,-149.0,1
185,6,12.0,0
186,18,7.0,0
187,25,0.0,0
188,25,2.0,0
189,27,13.0,0
190,40,9.0,0
191,49,13.0,0
192,62,15.0,0
193,77,11.0,0
194,88,11.0,0
195,99,17.0,0
196,116,7.0,0
197,123,11.0,0
198,134,-131.0,1
199,3,10.0,0
200,13,12.0,0
201,25,10.0,0
202,35,11.0,0
203,46,5.0,0
204,51,7.0,0
205,58,3.0,0
206,61,9.0,0
207,70,19.0,0
208,89,4.0,0
209,93,9.0,0
210,102,10.0,0
211,112,19.0,0
212,131,-122.0,1
213,9,15.0,0
214,24,9.0,0
215,33,11.0,0
216,44,10.0,0
217,54,16.0,0
218,70,13.0,0
219,83,9.0,0
220,92,10.0,0
221,102,-93.0,1
222,9,8.0,0
223,17,9.0,0
224,26,13.0,0
225,39,14.0,0
226,53,6.0,0
227,59,4.0,0
228,63,15.0,0
229,78,17.0,0
230,95,12.0,0
231,107,3.0,0
232,110,18.0,0
233,128,7.0,0
234,135,-129.0,1
235,6,7.0,0
236,13,14.0,0
237,27,15.0,0
238,42,6.0,0
239,48,15.0,0
240,63,4.0,0
241,67,15.0,0
242,82,9.0,0
243,91,12.0,0
244,103,15.0,0
245,118,10.0,0
246,128,11.0,0
247,139,9.0,0
248,148,-144.0,1
249,4,5.0,0
250,9,22.0,0
251,31,14.0,0
252,45,11.0,0
253,56,10.0,0
254,66,11.0,0
255,77,-62.0,1
256,15,7.0,0
257,22,15.0,0
258,37,8.0,0
259,45,19.0,0
260,64,14.0,0
261,78,9.0,0
262,87,3.0,0
263,90,11.0,0
264,101,7.0,0
265,108,-105.0,1
266,3,7.0,0
267,10,9.0,0
268,19,18.0,0
269,37,13.0,0
270,50,8.0,0
271,58,4.0,0
272,62,10.0,0
273,72,10.0,0
274,82,6.0,0
275,88,-78.0,1
276,10,4.0,0
277,14,12.0,0
278,26,4.0,0
279,30,5.0,0
280,35,11.0,0
281,46,8.0,0
282,54,9.0,0
283,63,19.0,0
284,82,13.0,0
285,95,9.0,0
286,104,8.0,0
287,112,6.0,0
288,118,8.0,0
289,126,12.0,0
290,138,4.0,0
291,142,-131.0,1
292,11,5.0,0
293,16,14.0,0
294,30,7.0,0
295,37,6.0,0
296,43,9.0,0
297,52,2.0,0
298,54,12.0,0
299,66,16.0,0
300,82,15.0,0
301,97,11.0,0
302,108,13.0,0
303,121,5.0,0
304,126,5.0,0
305,131,9.0,0
306,140,7.0,0
307,147,-136.0,1
308,11,13.0,0
309,24,3.0,0
310,27,6.0,0
311,33,8.0,0
312,41,8.0,0
313,49,8.0,0
314,57,11.0,0
315,68,15.0,0
316,83,7.0,0
317,90,11.0,0
318,101,-93.0,1
319,8,11.0,0
320,19,5.0,0
321,24,13.0,0
322,37,8.0,0
323,45,6.0,0
324,51,4.0,0
325,55,10.0,0
326,65,6.0,0
327,71,-59.0,1
328,12,13.0,0
329,25,7.0,0
330,32,13.0,0
331,45,10.0,0
332,55,24.0,0
333,79,13.0,0
334,92,12.0,0
335,104,2.0,0
336,106,11.0,0
337,117,18.0,0
338,135,10.0,0
339,145,7.0,0
340,152,11.0,0
341,163,13.0,0
342,176,13.0,0
343,189,11.0,0
344,200,-192.0,1
345,8,10.0,0
346,18,12.0,0
347,30,10.0,0
348,40,11.0,0
349,51,9.0,0
350,60,16.0,0
351,76,13.0,0
352,89,12.0,0
353,101,-93.0,1
354,8,17.0,0
355,25,8.0,0
356,33,12.0,0
357,45,8.0,0
358,53,16.0,0
359,69,11.0,0
360,80,-72.0,1
361,8,14.0,0
362,22,6.0,0
363,28,4.0,0
364,32,8.0,0
365,40,13.0,0
366,53,14.0,0
367,67,10.0,0
368,77,9.0,0
369,86,8.0,0
370,94,10.0,0
371,104,15.0,0
372,119,12.0,0
373,131,12.0,0
374,143,11.0,0
375,154,10.0,0
376,164,6.0,0
377,170,12.0,0
378,182,9.0,0
379,191,9.0,0
380,200,21.0,0
381,221,-214.0,1
382,7,17.0,0
383,24,18.0,0
384,42,4.0,0
385,46,4.0,0
386,50,6.0,0
387,56,10.0,0
388,66,8.0,0
389,74,2.0,0
390,76,14.0,0
391,90,9.0,0
392,99,15.0,0
393,114,9.0,0
394,123,7.0,0
395,130,6.0,0
396,136,6.0,0
397,142,9.0,0
398,151,10.0,0
399,161,6.0,0
400,167,14.0,0
401,181,11.0,0
402,192,-182.0,1
403,10,6.0,0
404,16,10.0,0
405,26,12.0,0
406,38,2.0,0
407,40,7.0,0
408,47,10.0,0
409,57,12.0,0
410,69,13.0,0
411,82,10.0,0
412,92,7.0,0
413,99,8.0,0
414,107,8.0,0
415,115,-108.0,1
416,7,17.0,0
417,24,8.0,0
418,32,12.0,0
419,44,16.0,0
420,60,9.0,0
421,69,8.0,0
422,77,7.0,0
423,84,11.0,0
424,95,6.0,0
425,101,10.0,0
426,111,9.0,0
427,120,5.0,0
428,125,15.0,0
429,140,7.0,0
430,147,-135.0,1
431,12,18.0,0
432,30,18.0,0
433,48,12.0,0
434,60,14.0,0
435,74,7.0,0
436,81,10.0,0
437,91,11.0,0
438,102,-93.0,1
439,9,3.0,0
440,12,5.0,0
441,17,9.0,0
442,26,11.0,0
443,37,13.0,0
444,50,5.0,0
445,55,10.0,0
446,65,12.0,0
447,77,-53.0,1
448,24,10.0,0
449,34,17.0,0
450,51,15.0,0
451,66,7.0,0
452,73,9.0,0
453,82,4.0,0
454,86,9.0,0
455,95,25.0,0
456,120,-112.0,1
457,8,6.0,0
458,14,8.0,0
459,22,11.0,0
460,33,4.0,0
461,37,12.0,0
462,49,10.0,0
463,59,14.0,0
464,73,11.0,0
465,84,9.0,0
466,93,-79.0,1
467,14,5.0,0
468,19,9.0,0
469,28,7.0,0
470,35,12.0,0
471,47,7.0,0
472,54,17.0,0
473,71,-61.0,1
474,10,14.0,0
475,24,12.0,0
476,36,9.0,0
477,45,15.0,0
478,60,10.0,0
479,70,12.0,0
480,82,15.0,0
481,97,8.0,0
482,105,12.0,0
483,117,16.0,0
484,133,6.0,0
485,139,11.0,0
486,150,11.0,0
487,161,9.0,0
488,170,7.0,0
489,177,6.0,0
490,183,-177.0,1
491,6,8.0,0
492,14,15.0,0
493,29,8.0,0
494,37,12.0,0
495,49,12.0,0
496,61,11.0,0
497,72,11.0,0
498,83,5.0,0
499,88,8.0,0
500,96,7.0,0
501,103,-82.0,1
502,21,10.0,0
503,31,9.0,0
504,40,7.0,0
505,47,8.0,0
506,55,6.0,0
507,61,7.0,0
508,68,8.0,0
509,76,13.0,0
510,89,6.0,0
511,95,11.0,0
512,106,10.0,0
513,116,10.0,0
514,126,4.0,0
515,130,11.0,0
516,141,7.0,0
517,148,-143.0,1
518,5,19.0,0
519,24,1.0,0
520,25,8.0,0
521,33,1.0,0
522,34,5.0,0
523,39,3.0,0
524,42,21.0,0
525,63,4.0,0
526,67,13.0,0
527,80,6.0,0
528,86,7.0,0
529,93,-79.0,1
530,14,10.0,0
531,24,8.0,0
532,32,11.0,0
533,43,15.0,0
534,58,5.0,0
535,63,12.0,0
536,75,19.0,0
537,94,4.0,0
538,98,-91.0,1
539,7,10.0,0
540,17,4.0,0
541,21,10.0,0
542,31,9.0,0
543,40,12.0,0
544,52,12.0,0
545,64,13.0,0
546,77,8.0,0
547,85,14.0,0
548,99,12.0,0
549,111,14.0,0
550,125,-111.0,1
551,14,9.0,0
552,23,6.0,0
553,29,5.0,0
554,34,8.0,0
555,42,17.0,0
556,59,9.0,0
557,68,21.0,0
558,89,10.0,0
559,99,13.0,0
560,112,-101.0,1
561,11,10.0,0
562,21,12.0,0
563,33,14.0,0
564,47,7.0,0
565,54,9.0,0
566,63,10.0,0
567,73,11.0,0
568,84,15.0,0
569,99,3.0,0
570,102,8.0,0
571,110,-100.0,1
572,10,8.0,0
573,18,10.0,0
574,28,6.0,0
575,34,12.0,0
576,46,12.0,0
577,58,8.0,0
578,66,8.0,0
579,74,3.0,0
580,77,9.0,0
581,86,13.0,0
582,99,7.0,0
583,106,8.0,0
584,114,5.0,0
585,119,10.0,0
586,129,5.0,0
587,134,6.0,0
588,140,8.0,0
589,148,8.0,0
590,156,14.0,0
591,170,8.0,0
592,178,11.0,0
593,189,-177.0,1
594,12,13.0,0
595,25,13.0,0
596,38,10.0,0
597,48,13.0,0
598,61,17.0,0
599,78,16.0,0
600,94,-83.0,1
601,11,14.0,0
602,25,14.0,0
603,39,3.0,0
604,42,6.0,0
605,48,11.0,0
606,59,15.0,0
607,74,14.0,0
608,88,11.0,0
609,99,11.0,0
610,110,6.0,0
611,116,-108.0,1
612,8,9.0,0
613,17,9.0,0
614,26,13.0,0
615,39,11.0,0
616,50,5.0,0
617,55,6.0,0
618,61,10.0,0
619,71,7.0,0
620,78,19.0,0
621,97,20.0,0
622,117,14.0,0
623,131,12.0,0
624,143,2.0,0
625,145,16.0,0
626,161,13.0,0
627,174,14.0,0
628,188,12.0,0
629,200,-185.0,1
630,15,13.0,0
631,28,3.0,0
632,31,12.0,0
633,43,15.0,0
634,58,16.0,0
635,74,6.0,0
636,80,6.0,0
637,86,11.0,0
638,97,-85.0,1
639,12,11.0,0
640,23,12.0,0
641,35,5.0,0
642,40,9.0,0
643,49,6.0,0
644,55,6.0,0
645,61,6.0,0
646,67,8.0,0
647,75,10.0,0
648,85,8.0,0
649,93,16.0,0
650,109,10.0,0
651,119,15.0,0
652,134,7.0,0
653,141,12.0,0
654,153,-140.0,1
655,13,7.0,0
656,20,7.0,0
657,27,13.0,0
658,40,6.0,0
659,46,10.0,0
660,56,22.0,0
661,78,12.0,0
662,90,17.0,0
663,107,-101.0,1
664,6,3.0,0
665,9,16.0,0
666,25,11.0,0
667,36,11.0,0
668,47,8.0,0
669,55,8.0,0
670,63,8.0,0
671,71,4.0,0
672,75,16.0,0
673,91,7.0,0
674,98,11.0,0
675,109,10.0,0
676,119,-112.0,1
677,7,6.0,0
678,13,4.0,0
679,17,10.0,0
680,27,8.0,0
681,35,16.0,0
682,51,11.0,0
683,62,4.0,0
684,66,10.0,0
685,76,10.0,0
686,86,14.0,0
687,100,8.0,0
688,108,-90.0,1
689,18,7.0,0
690,25,8.0,0
691,33,3.0,0
692,36,14.0,0
693,50,8.0,0
694,58,4.0,0
695,62,-50.0,1
696,12,5.0,0
697,17,13.0,0
698,30,9.0,0
699,39,3.0,0
700,42,-37.0,1
701,5,13.0,0
702,18,10.0,0
703,28,11.0,0
704,39,11.0,0
705,50,14.0,0
706,64,13.0,0
707,77,14.0,0
708,91,8.0,0
709,99,11.0,0
710,110,10.0,0
711,120,5.0,0
712,125,14.0,0
713,139,5.0,0
714,144,-141.0,1
715,3,14.0,0
716,17,8.0,0
717,25,9.0,0
718,34,7.0,0
719,41,14.0,0
720,55,10.0,0
721,65,18.0,0
722,83,-72.0,1
723,11,17.0,0
724,28,12.0,0
725,40,19.0,0
726,59,7.0,0
727,66,14.0,0
728,80,17.0,0
729,97,8.0,0
730,105,5.0,0
731,110,-102.0,1
732,8,8.0,0
733,16,7.0,0
734,23,3.0,0
735,26,11.0,0
736,37,8.0,0
737,45,14.0,0
738,59,11.0,0
739,70,6.0,0
740,76,8.0,0
741,84,19.0,0
742,103,5.0,0
743,108,8.0,0
744,116,6.0,0
745,122,9.0,0
746,131,-107.0,1
747,24,3.0,0
748,27,6.0,0
749,33,11.0,0
750,44,8.0,0
751,52,13.0,0
752,65,10.0,0
753,75,8.0,0
754,83,12.0,0
755,95,5.0,0
756,100,-91.0,1
757,9,17.0,0
758,26,14.0,0
759,40,10.0,0
760,50,18.0,0
761,68,5.0,0
762,73,11.0,0
763,84,18.0,0
764,102,7.0,0
765,109,14.0,0
766,123,9.0,0
767,132,14.0,0
768,146,8.0,0
769,154,13.0,0
770,167,-163.0,1
771,4,14.0,0
772,18,18.0,0
773,36,8.0,0
774,44,4.0,0
775,48,10.0,0
776,58,11.0,0
777,69,-53.0,1
778,16,11.0,0
779,27,6.0,0
780,33,8.0,0
781,41,15.0,0
782,56,8.0,0
783,64,10.0,0
784,74,11.0,0
785,85,9.0,0
786,94,4.0,0
787,98,15.0,0
788,113,3.0,0
789,116,17.0,0
790,133,9.0,0
791,142,7.0,0
792,149,14.0,0
793,163,8.0,0
794,171,9.0,0
795,180,-174.0,1
796,6,2.0,0
797,8,8.0,0
798,16,25.0,0
799,41,10.0,0
800,51,3.0,0
801,54,7.0,0
802,61,3.0,0
803,64,6.0,0
804,70,8.0,0
805,78,22.0,0
806,100,11.0,0
807,111,11.0,0
808,122,12.0,0
809,134,12.0,0
810,146,11.0,0
811,157,9.0,0
812,166,6.0,0
813,172,10.0,0
814,182,-172.0,1
815,10,9.0,0
816,19,15.0,0
817,34,19.0,0
818,53,6.0,0
819,59,7.0,0
820,66,12.0,0
821,78,6.0,0
822,84,13.0,0
823,97,8.0,0
824,105,12.0,0
825,117,-101.0,1
826,16,6.0,0
827,22,16.0,0
828,38,12.0,0
829,50,12.0,0
830,62,6.0,0
831,68,8.0,0
832,76,-71.0,1
833,5,7.0,0
834,12,13.0,0
835,25,9.0,0
836,34,14.0,0
837,48,5.0,0
838,53,11.0,0
839,64,5.0,0
840,69,4.0,0
841,73,-68.0,1
842,5,11.0,0
843,16,4.0,0
844,20,6.0,0
845,26,12.0,0
846,38,4.0,0
847,42,10.0,0
848,52,8.0,0
849,60,6.0,0
850,66,10.0,0
851,76,15.0,0
852,91,10.0,0
853,101,12.0,0
854,113,3.0,0
855,116,7.0,0
856,123,15.0,0
857,138,9.0,0
858,147,7.0,0
859,154,-139.0,1
860,15,13.0,0
861,28,14.0,0
862,42,9.0,0
863,51,11.0,0
864,62,4.0,0
865,66,8.0,0
866,74,9.0,0
867,83,13.0,0
868,96,12.0,0
869,108,8.0,0
870,116,-109.0,1
871,7,11.0,0
872,18,10.0,0
873,28,5.0,0
874,33,16.0,0
875,49,13.0,0
876,62,14.0,0
877,76,7.0,0
878,83,7.0,0
879,90,9.0,0
880,99,7.0,0
881,106,8.0,0
882,114,26.0,0
883,140,20.0,0
884,160,-149.0,1
885,11,5.0,0
886,16,21.0,0
887,37,10.0,0
888,47,20.0,0
889,67,8.0,0
890,75,9.0,0
891,84,8.0,0
892,92,-86.0,1
893,6,4.0,0
894,10,5.0,0
895,15,3.0,0
896,18,5.0,0
897,23,9.0,0
898,32,8.0,0
899,40,19.0,0
900,59,4.0,0
901,63,10.0,0
902,73,4.0,0
903,77,18.0,0
904,95,-78.0,1
905,17,12.0,0
906,29,6.0,0
907,35,7.0,0
908,42,11.0,0
909,53,21.0,0
910,74,11.0,0
911,85,5.0,0
912,90,10.0,0
913,100,20.0,0
914,120,-111.0,1
915,9,14.0,0
916,23,8.0,0
917,31,14.0,0
918,45,3.0,0
919,48,11.0,0
920,59,13.0,0
921,72,7.0,0
922,79,3.0,0
923,82,11.0,0
924,93,6.0,0
925,99,11.0,0
926,110,10.0,0
927,120,17.0,0
928,137,8.0,0
929,145,-133.0,1
930,12,11.0,0
931,23,8.0,0
932,31,14.0,0
933,45,12.0,0
934,57,4.0,0
935,61,17.0,0
936,78,-68.0,1
937,10,8.0,0
938,18,5.0,0
939,23,2.0,0
940,25,4.0,0
941,29,9.0,0
942,38,9.0,0
943,47,13.0,0
944,60,11.0,0
945,71,6.0,0
946,77,8.0,0
947,85,8.0,0
948,93,9.0,0
949,102,10.0,0
950,112,-100.0,1
951,12,13.0,0
952,25,9.0,0
953,34,6.0,0
954,40,7.0,0
955,47,13.0,0
956,60,5.0,0
957,65,14.0,0
958,79,5.0,0
959,84,11.0,0
960,95,4.0,0
961,99,-96.0,1
962,3,18.0,0
963,21,5.0,0
964,26,8.0,0
965,34,15.0,0
966,49,3.0,0
967,52,7.0,0
968,59,19.0,0
969,78,8.0,0
970,86,7.0,0
971,93,12.0,0
972,105,3.0,0
973,108,2.0,0
974,110,12.0,0
975,122,6.0,0
976,128,10.0,0
977,138,11.0,0
978,149,7.0,0
979,156,7.0,0
980,163,-150.0,1
981,13,16.0,0
982,29,7.0,0
983,36,11.0,0
984,47,8.0,0
985,55,13.0,0
986,68,10.0,0
987,78,17.0,0
988,95,4.0,0
989,99,14.0,0
990,113,7.0,0
991,120,9.0,0
992,129,-124.0,1
993,5,7.0,0
994,12,7.0,0
995,19,10.0,0
996,29,8.0,0
997,37,13.0,0
998,50,25.0,0
999,75,7.0,0
1000,82,10.0,0
1001,92,8.0,0
1002,100,15.0,0
1003,115,-106.0,1
1004,9,7.0,0
1005,16,6.0,0
1006,22,6.0,0
1007,28,11.0,0
1008,39,10.0,0
1009,49,10.0,0
1010,59,2.0,0
1011,61,14.0,0
1012,75,8.0,0
1013,83,15.0,0
1014,98,7.0,0
1015,105,11.0,0
1016,116,15.0,0
1017,131,15.0,0
1018,146,-138.0,1
1019,8,8.0,0
1020,16,9.0,0
1021,25,7.0,0
1022,32,12.0,0
1023,44,17.0,0
1024,61,20.0,0
1025,81,8.0,0
1026,89,9.0,0
1027,98,8.0,0
1028,106,8.0,0
1029,114,10.0,0
1030,124,-114.0,1
1031,10,7.0,0
1032,17,19.0,0
1033,36,11.0,0
1034,47,5.0,0
1035,52,6.0,0
1036,58,5.0,0
1037,63,5.0,0
1038,68,7.0,0
1039,75,6.0,0
1040,81,12.0,0
1041,93,7.0,0
1042,100,17.0,0
1043,117,8.0,0
1044,125,6.0,0
1045,131,10.0,0
1046,141,-124.0,1
1047,17,11.0,0
1048,28,8.0,0
1049,36,10.0,0
1050,46,10.0,0
1051,56,6.0,0
1052,62,13.0,0
1053,75,5.0,0
1054,80,9.0,0
1055,89,-75.0,1
1056,14,15.0,0
1057,29,4.0,0
1058,33,15.0,0
1059,48,9.0,0
1060,57,20.0,0
1061,77,9.0,0
1062,86,13.0,0
1063,99,12.0,0
1064,111,-103.0,1
1065,8,12.0,0
1066,20,9.0,0
1067,29,22.0,0
1068,51,-46.0,1
1069,5,10.0,0
1070,15,6.0,0
1071,21,3.0,0
1072,24,7.0,0
1073,31,12.0,0
1074,43,1.0,0
1075,44,8.0,0
1076,52,17.0,0
1077,69,10.0,0
1078,79,8.0,0
1079,87,3.0,0
1080,90,18.0,0
1081,108,8.0,0
1082,116,11.0,0
1083,127,10.0,0
1084,137,-122.0,1
1085,15,5.0,0
1086,20,12.0,0
1087,32,10.0,0
1088,42,15.0,0
1089,57,13.0,0
1090,70,8.0,0
1091,78,9.0,0
1092,87,8.0,0
1093,95,9.0,0
1094,104,4.0,0
1095,108,9.0,0
1096,117,13.0,0
1097,130,8.0,0
1098,138,5.0,0
1099,143,10.0,0
1100,153,11.0,0
1101,164,11.0,0
1102,175,-164.0,1
1103,11,10.0,0
1104,21,10.0,0
1105,31,11.0,0
1106,42,8.0,0
1107,50,5.0,0
1108,55,14.0,0
1109,69,4.0,0
1110,73,18.0,0
1111,91,12.0,0
1112,103,8.0,0
1113,111,4.0,0
1114,115,2.0,0
1115,117,7.0,0
1116,124,6.0,0
1117,130,13.0,0
1118,143,7.0,0
1119,150,-145.0,1
1120,5,9.0,0
1121,14,12.0,0
1122,26,14.0,0
1123,40,18.0,0
1124,58,5.0,0
1125,63,17.0,0
1126,80,-75.0,1
1127,5,6.0,0
1128,11,5.0,0
1129,16,4.0,0
1130,20,12.0,0
1131,32,16.0,0
1132,48,27.0,0
1133,75,3.0,0
1134,78,5.0,0
1135,83,8.0,0
1136,91,7.0,0
1137,98,11.0,0
1138,109,9.0,0
1139,118,13.0,0
1140,131,-121.0,1
1141,10,5.0,0
1142,15,12.0,0
1143,27,11.0,0
1144,38,9.0,0
1145,47,12.0,0
1146,59,4.0,0
1147,63,7.0,0
1148,70,9.0,0
1149,79,15.0,0
1150,94,10.0,0
1151,104,6.0,0
1152,110,-101.0,1
1153,9,9.0,0
1154,18,3.0,0
1155,21,7.0,0
1156,28,4.0,0
1157,32,7.0,0
1158,39,8.0,0
1159,47,5.0,0
1160,52,15.0,0
1161,67,8.0,0
1162,75,5.0,0
1163,80,9.0,0
1164,89,11.0,0
1165,100,10.0,0
1166,110,10.0,0
1167,120,13.0,0
1168,133,14.0,0
1169,147,18.0,0
1170,165,6.0,0
1171,171,-154.0,1
1172,17,9.0,0
1173,26,15.0,0
1174,41,2.0,0
1175,43,13.0,0
1176,56,13.0,0
1177,69,8.0,0
1178,77,18.0,0
1179,95,8.0,0
1180,103,10.0,0
1181,113,4.0,0
1182,117,9.0,0
1183,126,10.0,0
1184,136,14.0,0
1185,150,5.0,0
1186,155,10.0,0
1187,165,-164.0,1
1188,1,8.0,0
1189,9,13.0,0
1190,22,10.0,0
1191,32,10.0,0
1192,42,12.0,0
1193,54,7.0,0
1194,61,15.0,0
1195,76,6.0,0
1196,82,10.0,0
1197,92,2.0,0
1198,94,7.0,0
1199,101,11.0,0
1200,112,11.0,0
1201,123,9.0,0
1202,132,7.0,0
1203,139,8.0,0
1204,147,12.0,0
1205,159,-149.0,1
1206,10,13.0,0
1207,23,5.0,0
1208,28,9.0,0
1209,37,2.0,0
1210,39,12.0,0
1211,51,8.0,0
1212,59,4.0,0
1213,63,7.0,0
1214,70,7.0,0
1215,77,10.0,0
1216,87,13.0,0
1217,100,-96.0,1
1218,4,9.0,0
1219,13,13.0,0
1220,26,10.0,0
1221,36,4.0,0
1222,40,15.0,0
1223,55,4.0,0
1224,59,-54.0,1
1225,5,5.0,0
1226,10,9.0,0
1227,19,3.0,0
1228,22,11.0,0
1229,33,16.0,0
1230,49,7.0,0
1231,56,12.0,0
1232,68,10.0,0
1233,78,12.0,0
1234,90,10.0,0
1235,100,8.0,0
1236,108,12.0,0
1237,120,14.0,0
1238,134,4.0,0
1239,138,11.0,0
1240,149,-138.0,1
1241,11,12.0,0
1242,23,26.0,0
1243,49,7.0,0
1244,56,12.0,0
1245,68,16.0,0
1246,84,14.0,0
1247,98,10.0,0
1248,108,8.0,0
1249,116,-99.0,1
1250,17,5.0,0
1251,22,4.0,0
1252,26,19.0,0
1253,45,11.0,0
1254,56,8.0,0
1255,64,10.0,0
1256,74,15.0,0
1257,89,5.0,0
1258,94,2.0,0
1259,96,-92.0,1
1260,4,3.0,0
1261,7,12.0,0
1262,19,10.0,0
1263,29,18.0,0
1264,47,13.0,0
1265,60,22.0,0
1266,82,8.0,0
1267,90,6.0,0
1268,96,20.0,0
1269,116,7.0,0
1270,123,16.0,0
1271,139,15.0,0
1272,154,9.0,0
1273,163,-153.0,1
1274,10,8.0,0
1275,18,23.0,0
1276,41,4.0,0
1277,45,5.0,0
1278,50,11.0,0
1279,61,18.0,0
1280,79,7.0,0
1281,86,-79.0,1
1282,7,12.0,0
1283,19,7.0,0
1284,26,6.0,0
1285,32,10.0,0
1286,42,9.0,0
1287,51,11.0,0
1288,62,8.0,0
1289,70,11.0,0
1290,81,14.0,0
1291,95,7.0,0
1292,102,15.0,0
1293,117,-110.0,1
1294,7,13.0,0
1295,20,16.0,0
1296,36,11.0,0
1297,47,-27.0,1
1298,20,13.0,0
1299,33,5.0,0
1300,38,2.0,0
1301,40,14.0,0
1302,54,15.0,0
1303,69,7.0,0
1304,76,10.0,0
1305,86,10.0,0
1306,96,9.0,0
1307,105,11.0,0
1308,116,16.0,0
1309,132,-114.0,1
1310,18,8.0,0
1311,26,5.0,0
1312,31,14.0,0
1313,45,12.0,0
1314,57,18.0,0
1315,75,3.0,0
1316,78,4.0,0
1317,82,8.0,0
1318,90,8.0,0
1319,98,2.0,0
1320,100,0.0,0
1321,100,5.0,0
1322,105,16.0,0
1323,121,10.0,0
1324,131,-124.0,1
1325,7,4.0,0
1326,11,8.0,0
1327,19,9.0,0
1328,28,10.0,0
1329,38,9.0,0
1330,47,16.0,0
1331,63,17.0,0
1332,80,-67.0,1
1333,13,6.0,0
1334,19,10.0,0
1335,29,14.0,0
1336,43,22.0,0
1337,65,1.0,0
1338,66,6.0,0
1339,72,13.0,0
1340,85,11.0,0
1341,96,5.0,0
1342,101,13.0,0
1343,114,-98.0,1
1344,16,5.0,0
1345,21,14.0,0
1346,35,6.0,0
1347,41,15.0,0
1348,56,8.0,0
1349,64,6.0,0
1350,70,3.0,0
1351,73,11.0,0
1352,84,13.0,0
1353,97,9.0,0
1354,106,6.0,0
1355,112,6.0,0
1356,118,16.0,0
1357,134,5.0,0
1358,139,9.0,0
1359,148,9.0,0
1360,157,9.0,0
1361,166,9.0,0
1362,175,14.0,0
1363,189,14.0,0
1364,203,-186.0,1
1365,17,16.0,0
1366,33,13.0,0
1367,46,4.0,0
1368,50,20.0,0
1369,70,11.0,0
1370,81,5.0,0
1371,86,6.0,0
1372,92,5.0,0
1373,97,8.0,0
1374,105,18.0,0
1375,123,8.0,0
1376,131,9.0,0
1377,140,-127.0,1
1378,13,5.0,0
1379,18,15.0,0
1380,33,9.0,0
1381,42,11.0,0
1382,53,5.0,0
1383,58,8.0,0
1384,66,12.0,0
1385,78,4.0,0
1386,82,7.0,0
1387,89,-78.0,1
1388,11,7.0,0
1389,18,14.0,0
1390,32,11.0,0
1391,43,11.0,0
1392,54,12.0,0
1393,66,16.0,0
1394,82,4.0,0
1395,86,9.0,0
1396,95,9.0,0
1397,104,7.0,0
1398,111,20.0,0
1399,131,-112.0,1
1400,19,4.0,0
1401,23,10.0,0
1402,33,10.0,0
1403,43,9.0,0
1404,52,17.0,0
1405,69,16.0,0
1406,85,6.0,0
1407,91,10.0,0
1408,101,16.0,0
1409,117,-114.0,1
1410,3,7.0,0
1411,10,11.0,0
1412,21,12.0,0
1413,33,10.0,0
1414,43,16.0,0
1415,59,7.0,0
1416,66,9.0,0
1417,75,10.0,0
1418,85,11.0,0
1419,96,-87.0,1
1420,9,18.0,0
1421,27,7.0,0
1422,34,9.0,0
1423,43,13.0,0
1424,56,9.0,0
1425,65,10.0,0
1426,75,18.0,0
1427,93,12.0,0
1428,105,8.0,0
1429,113,7.0,0
1430,120,3.0,0
1431,123,4.0,0
1432,127,3.0,0
1433,130,4.0,0
1434,134,9.0,0
1435,143,16.0,0
1436,159,20.0,0
1437,179,-172.0,1
1438,7,6.0,0
1439,13,10.0,0
1440,23,6.0,0
1441,29,7.0,0
1442,36,12.0,0
1443,48,12.0,0
1444,60,12.0,0
1445,72,5.0,0
1446,77,15.0,0
1447,92,14.0,0
1448,106,16.0,0
1449,122,15.0,0
1450,137,-122.0,1
1451,15,10.0,0
1452,25,12.0,0
1453,37,10.0,0
1454,47,6.0,0
1455,53,12.0,0
1456,65,10.0,0
1457,75,12.0,0
1458,87,8.0,0
1459,95,6.0,0
1460,101,4.0,0
1461,105,8.0,0
1462,113,-103.0,1
1463,10,6.0,0
1464,16,9.0,0
1465,25,7.0,0
1466,32,12.0,0
1467,44,14.0,0
1468,58,17.0,0
1469,75,4.0,0
1470,79,9.0,0
1471,88,7.0,0
1472,95,15.0,0
1473,110,19.0,0
1474,129,10.0,0
1475,139,7.0,0
1476,146,4.0,0
1477,150,15.0,0
1478,165,-156.0,1
1479,9,3.0,0
1480,12,9.0,0
1481,21,15.0,0
1482,36,10.0,0
1483,46,13.0,0
1484,59,12.0,0
1485,71,12.0,0
1486,83,5.0,0
1487,88,11.0,0
1488,99,3.0,0
1489,102,10.0,0
1490,112,7.0,0
1491,119,-111.0,1
1492,8,8.0,0
1493,16,8.0,0
1494,24,16.0,0
1495,40,16.0,0
1496,56,19.0,0
1497,75,18.0,0
1498,93,9.0,0
1499,102,9.0,0
1500,111,-104.0,1
1501,7,6.0,0
1502,13,7.0,0
1503,20,6.0,0
1504,26,14.0,0
1505,40,9.0,0
1506,49,11.0,0
1507,60,8.0,0
1508,68,11.0,0
1509,79,15.0,0
1510,94,23.0,0
1511,117,3.0,0
1512,120,11.0,0
1513,131,8.0,0
1514,139,7.0,0
1515,146,-127.0,1
1516,19,15.0,0
1517,34,7.0,0
1518,41,12.0,0
1519,53,7.0,0
1520,60,4.0,0
1521,64,14.0,0
1522,78,5.0,0
1523,83,5.0,0
1524,88,10.0,0
1525,98,8.0,0
1526,106,8.0,0
1527,114,-108.0,1
1528,6,8.0,0
1529,14,17.0,0
1530,31,10.0,0
1531,41,12.0,0
1532,53,2.0,0
1533,55,8.0,0
1534,63,7.0,0
1535,70,7.0,0
1536,77,4.0,0
1537,81,5.0,0
1538,86,9.0,0
1539,95,9.0,0
1540,104,7.0,0
1541,111,12.0,0
1542,123,16.0,0
1543,139,-127.0,1
1544,12,16.0,0
1545,28,9.0,0
1546,37,9.0,0
1547,46,11.0,0
1548,57,15.0,0
1549,72,9.0,0
1550,81,12.0,0
1551,93,13.0,0
1552,106,13.0,0
1553,119,-113.0,1
1554,6,1.0,0
1555,7,8.0,0
1556,15,13.0,0
1557,28,4.0,0
1558,32,6.0,0
1559,38,9.0,0
1560,47,11.0,0
1561,58,8.0,0
1562,66,9.0,0
1563,75,14.0,0
1564,89,8.0,0
1565,97,-85.0,1
1566,12,7.0,0
1567,19,11.0,0
1568,30,12.0,0
1569,42,8.0,0
1570,50,6.0,0
1571,56,1.0,0
1572,57,7.0,0
1573,64,10.0,0
1574,74,12.0,0
1575,86,7.0,0
1576,93,13.0,0
1577,106,10.0,0
1578,116,5.0,0
1579,121,17.0,0
1580,138,16.0,0
1581,154,10.0,0
1582,164,-157.0,1
1583,7,8.0,0
1584,15,6.0,0
1585,21,10.0,0
1586,31,7.0,0
1587,38,8.0,0
1588,46,8.0,0
1589,54,10.0,0
1590,64,5.0,0
1591,69,10.0,0
1592,79,11.0,0
1593,90,16.0,0
1594,106,9.0,0
1595,115,-99.0,1
1596,16,10.0,0
1597,26,12.0,0
1598,38,9.0,0
1599,47,18.0,0
1600,65,13.0,0
1601,78,13.0,0
1602,91,7.0,0
1603,98,10.0,0
1604,108,6.0,0
1605,114,8.0,0
1606,122,10.0,0
1607,132,-125.0,1
1608,7,15.0,0
1609,22,8.0,0
1610,30,16.0,0
1611,46,9.0,0
1612,55,12.0,0
1613,67,13.0,0
1614,80,9.0,0
1615,89,14.0,0
1616,103,17.0,0
1617,120,-107.0,1
1618,13,3.0,0
1619,16,9.0,0
1620,25,14.0,0
1621,39,5.0,0
1622,44,5.0,0
1623,49,6.0,0
1624,55,12.0,0
1625,67,9.0,0
1626,76,14.0,0
1627,90,5.0,0
1628,95,5.0,0
1629,100,9.0,0
1630,109,3.0,0
1631,112,3.0,0
1632,115,1.0,0
1633,116,-109.0,1
1634,7,9.0,0
1635,16,9.0,0
1636,25,12.0,0
1637,37,3.0,0
1638,40,7.0,0
1639,47,13.0,0
1640,60,9.0,0
1641,69,7.0,0
1642,76,7.0,0
1643,83,18.0,0
1644,101,11.0,0
1645,112,12.0,0
1646,124,9.0,0
1647,133,11.0,0
1648,144,8.0,0
1649,152,-142.0,1
1650,10,8.0,0
1651,18,10.0,0
1652,28,15.0,0
1653,43,6.0,0
1654,49,13.0,0
1655,62,10.0,0
1656,72,-54.0,1
1657,18,16.0,0
1658,34,7.0,0
1659,41,12.0,0
1660,53,17.0,0
1661,70,7.0,0
1662,77,4.0,0
1663,81,5.0,0
1664,86,15.0,0
1665,101,8.0,0
1666,109,-97.0,1
1667,12,13.0,0
1668,25,15.0,0
1669,40,4.0,0
1670,44,16.0,0
1671,60,10.0,0
1672,70,12.0,0
1673,82,7.0,0
1674,89,7.0,0
1675,96,17.0,0
1676,113,4.0,0
1677,117,15.0,0
1678,132,-120.0,1
1679,12,18.0,0
1680,30,13.0,0
1681,43,10.0,0
1682,53,21.0,0
1683,74,14.0,0
1684,88,14.0,0
1685,102,8.0,0
1686,110,7.0,0
1687,117,13.0,0
1688,130,11.0,0
1689,141,9.0,0
1690,150,-138.0,1
1691,12,13.0,0
1692,25,13.0,0
1693,38,11.0,0
1694,49,10.0,0
1695,59,10.0,0
1696,69,7.0,0
1697,76,13.0,0
1698,89,4.0,0
1699,93,-85.0,1
1700,8,5.0,0
1701,13,11.0,0
1702,24,3.0,0
1703,27,12.0,0
1704,39,12.0,0
1705,51,9.0,0
1706,60,3.0,0
1707,63,9.0,0
1708,72,19.0,0
1709,91,12.0,0
1710,103,-86.0,1
1711,17,3.0,0
1712,20,20.0,0
1713,40,13.0,0
1714,53,10.0,0
1715,63,3.0,0
1716,66,7.0,0
1717,73,14.0,0
1718,87,13.0,0
1719,100,11.0,0
1720,111,12.0,0
1721,123,13.0,0
1722,136,4.0,0
1723,140,-122.0,1
1724,18,11.0,0
1725,29,4.0,0
1726,33,11.0,0
1727,44,10.0,0
1728,54,4.0,0
1729,58,12.0,0
1730,70,16.0,0
1731,86,12.0,0
1732,98,-94.0,1
1733,4,21.0,0
1734,25,6.0,0
1735,31,10.0,0
1736,41,7.0,0
1737,48,10.0,0
1738,58,10.0,0
1739,68,9.0,0
1740,77,8.0,0
1741,85,10.0,0
1742,95,10.0,0
1743,105,-95.0,1
1744,10,6.0,0
1745,16,17.0,0
1746,33,2.0,0
1747,35,6.0,0
1748,41,7.0,0
1749,48,18.0,0
1750,66,8.0,0
1751,74,13.0,0
1752,87,23.0,0
1753,110,-105.0,1
1754,5,5.0,0
1755,10,4.0,0
1756,14,5.0,0
1757,19,8.0,0
1758,27,4.0,0
1759,31,5.0,0
1760,36,20.0,0
1761,56,15.0,0
1762,71,4.0,0
1763,75,-59.0,1
1764,16,6.0,0
1765,22,9.0,0
1766,31,3.0,0
1767,34,4.0,0
1768,38,21.0,0
1769,59,10.0,0
1770,69,15.0,0
1771,84,12.0,0
1772,96,17.0,0
1773,113,12.0,0
1774,125,10.0,0
1775,135,13.0,0
1776,148,-138.0,1
1777,10,8.0,0
1778,18,13.0,0
1779,31,6.0,0
1780,37,8.0,0
1781,45,13.0,0
1782,58,13.0,0
1783,71,12.0,0
1784,83,11.0,0
1785,94,16.0,0
1786,110,10.0,0
1787,120,7.0,0
1788,127,-115.0,1
1789,12,15.0,0
1790,27,8.0,0
1791,35,9.0,0
1792,44,8.0,0
1793,52,3.0,0
1794,55,15.0,0
1795,70,12.0,0
1796,82,11.0,0
1797,93,15.0,0
1798,108,9.0,0
1799,117,-111.0,1
1800,6,10.0,0
1801,16,10.0,0
1802,26,6.0,0
1803,32,20.0,0
1804,52,17.0,0
1805,69,9.0,0
1806,78,10.0,0
1807,88,-84.0,1
1808,4,7.0,0
1809,11,9.0,0
1810,20,10.0,0
1811,30,5.0,0
1812,35,7.0,0
1813,42,20.0,0
1814,62,4.0,0
1815,66,9.0,0
1816,75,10.0,0
1817,85,13.0,0
1818,98,8.0,0
1819,106,13.0,0
1820,119,10.0,0
1821,129,12.0,0
1822,141,-133.0,1
1823,8,7.0,0
1824,15,8.0,0
1825,23,7.0,0
1826,30,10.0,0
1827,40,7.0,0
1828,47,11.0,0
1829,58,8.0,0
1830,66,5.0,0
1831,71,7.0,0
1832,78,6.0,0
1833,84,7.0,0
1834,91,7.0,0
1835,98,12.0,0
1836,110,-101.0,1
1837,9,5.0,0
1838,14,12.0,0
1839,26,11.0,0
1840,37,8.0,0
1841,45,9.0,0
1842,54,10.0,0
1843,64,5.0,0
1844,69,15.0,0
1845,84,10.0,0
1846,94,6.0,0
1847,100,12.0,0
1848,112,13.0,0
1849,125,-112.0,1
1850,13,11.0,0
1851,24,6.0,0
1852,30,6.0,0
1853,36,21.0,0
1854,57,6.0,0
1855,63,12.0,0
1856,75,13.0,0
1857,88,10.0,0
1858,98,6.0,0
1859,104,11.0,0
1860,115,15.0,0
1861,130,13.0,0
1862,143,10.0,0
1863,153,-149.0,1
1864,4,4.0,0
1865,8,2.0,0
1866,10,8.0,0
1867,18,12.0,0
1868,30,7.0,0
1869,37,7.0,0
1870,44,10.0,0
1871,54,15.0,0
1872,69,4.0,0
1873,73,7.0,0
1874,80,8.0,0
1875,88,8.0,0
1876,96,13.0,0
1877,109,6.0,0
1878,115,11.0,0
1879,126,-120.0,1
1880,6,6.0,0
1881,12,13.0,0
1882,25,10.0,0
1883,35,6.0,0
1884,41,7.0,0
1885,48,3.0,0
1886,51,9.0,0
1887,60,4.0,0
1888,64,22.0,0
1889,86,13.0,0
1890,99,5.0,0
1891,104,5.0,0
1892,109,14.0,0
1893,123,4.0,0
1894,127,12.0,0
1895,139,-125.0,1
1896,14,5.0,0
1897,19,12.0,0
1898,31,11.0,0
1899,42,16.0,0
1900,58,4.0,0
1901,62,11.0,0
1902,73,5.0,0
1903,78,11.0,0
1904,89,10.0,0
1905,99,19.0,0
1906,118,9.0,0
1907,127,-116.0,1
1908,11,10.0,0
1909,21,16.0,0
1910,37,9.0,0
1911,46,12.0,0
1912,58,7.0,0
1913,65,13.0,0
1914,78,-71.0,1
1915,7,12.0,0
1916,19,14.0,0
1917,33,7.0,0
1918,40,10.0,0
1919,50,9.0,0
1920,59,6.0,0
1921,65,11.0,0
1922,76,9.0,0
1923,85,17.0,0
1924,102,9.0,0
1925,111,5.0,0
1926,116,6.0,0
1927,122,14.0,0
1928,136,-125.0,1
1929,11,7.0,0
1930,18,7.0,0
1931,25,17.0,0
1932,42,7.0,0
1933,49,5.0,0
1934,54,5.0,0
1935,59,16.0,0
1936,75,13.0,0
1937,88,14.0,0
1938,102,11.0,0
1939,113,-97.0,1
1940,16,7.0,0
1941,23,8.0,0
1942,31,4.0,0
1943,35,9.0,0
1944,44,8.0,0
1945,52,11.0,0
1946,63,5.0,0
1947,68,7.0,0
1948,75,-63.0,1
1949,12,17.0,0
1950,29,13.0,0
1951,42,8.0,0
1952,50,9.0,0
1953,59,17.0,0
1954,76,5.0,0
1955,81,20.0,0
1956,101,10.0,0
1957,111,4.0,0
1958,115,-105.0,1
1959,10,2.0,0
1960,12,14.0,0
1961,26,9.0,0
1962,35,5.0,0
1963,40,12.0,0
1964,52,7.0,0
1965,59,7.0,0
1966,66,12.0,0
1967,78,6.0,0
1968,84,5.0,0
1969,89,16.0,0
1970,105,15.0,0
1971,120,7.0,0
1972,127,10.0,0
1973,137,8.0,0
1974,145,17.0,0
1975,162,17.0,0
1976,179,6.0,0
1977,185,-178.0,1
1978,7,5.0,0
1979,12,5.0,0
1980,17,7.0,0
1981,24,11.0,0
1982,35,9.0,0
1983,44,7.0,0
1984,51,12.0,0
1985,63,6.0,0
1986,69,11.0,0
1987,80,-67.0,1
1988,13,12.0,0
1989,25,9.0,0
1990,34,12.0,0
1991,46,13.0,0
1992,59,12.0,0
1993,71,9.0,0
1994,80,17.0,0
1995,97,6.0,0
1996,103,9.0,0
1997,112,14.0,0
1998,126,16.0,0
1999,142,7.0,0
2000,149,9.0,0
2001,158,8.0,0
2002,166,-153.0,1
2003,13,11.0,0
2004,24,11.0,0
2005,35,11.0,0
2006,46,7.0,0
2007,53,8.0,0
2008,61,24.0,0
2009,85,5.0,0
2010,90,16.0,0
2011,106,14.0,0
2012,120,7.0,0
2013,127,12.0,0
2014,139,10.0,0
2015,149,-137.0,1
2016,12,6.0,0
2017,18,6.0,0
2018,24,12.0,0
2019,36,7.0,0
2020,43,5.0,0
2021,48,8.0,0
2022,56,9.0,0
2023,65,8.0,0
2024,73,12.0,0
2025,85,17.0,0
2026,102,4.0,0
2027,106,11.0,0
2028,117,-106.0,1
2029,11,9.0,0
2030,20,5.0,0
2031,25,11.0,0
2032,36,10.0,0
2033,46,9.0,0
2034,55,13.0,0
2035,68,8.0,0
2036,76,-59.0,1
2037,17,14.0,0
2038,31,9.0,0
2039,40,5.0,0
2040,45,9.0,0
2041,54,12.0,0
2042,66,10.0,0
2043,76,11.0,0
2044,87,13.0,0
2045,100,12.0,0
2046,112,4.0,0
2047,116,12.0,0
2048,128,-121.0,1
2049,7,7.0,0
2050,14,4.0,0
2051,18,5.0,0
2052,23,5.0,0
2053,28,17.0,0
2054,45,13.0,0
2055,58,10.0,0
2056,68,11.0,0
2057,79,20.0,0
2058,99,12.0,0
2059,111,4.0,0
2060,115,6.0,0
2061,121,-103.0,1
2062,18,3.0,0
2063,21,10.0,0
2064,31,7.0,0
2065,38,10.0,0
2066,48,14.0,0
2067,62,14.0,0
2068,76,7.0,0
2069,83,6.0,0
2070,89,-80.0,1
2071,9,12.0,0
2072,21,15.0,0
2073,36,10.0,0
2074,46,9.0,0
2075,55,16.0,0
2076,71,13.0,0
2077,84,5.0,0
2078,89,13.0,0
2079,102,8.0,0
2080,110,9.0,0
2081,119,9.0,0
2082,128,-122.0,1
2083,6,5.0,0
2084,11,7.0,0
2085,18,5.0,0
2086,23,8.0,0
2087,31,13.0,0
2088,44,7.0,0
2089,51,5.0,0
2090,56,4.0,0
2091,60,5.0,0
2092,65,15.0,0
2093,80,11.0,0
2094,91,13.0,0
2095,104,-96.0,1
2096,8,9.0,0
2097,17,3.0,0
2098,20,11.0,0
2099,31,12.0,0
2100,43,11.0,0
2101,54,21.0,0
2102,75,16.0,0
2103,91,8.0,0
2104,99,-87.0,1
2105,12,10.0,0
2106,22,3.0,0
2107,25,6.0,0
2108,31,6.0,0
2109,37,10.0,0
2110,47,8.0,0
2111,55,13.0,0
2112,68,11.0,0
2113,79,3.0,0
2114,82,5.0,0
2115,87,14.0,0
2116,101,12.0,0
2117,113,15.0,0
2118,128,9.0,0
2119,137,12.0,0
2120,149,12.0,0
2121,161,-150.0,1
2122,11,10.0,0
2123,21,11.0,0
2124,32,12.0,0
2125,44,5.0,0
2126,49,9.0,0
2127,58,14.0,0
2128,72,4.0,0
2129,76,11.0,0
2130,87,9.0,0
2131,96,5.0,0
2132,101,4.0,0
2133,105,3.0,0
2134,108,12.0,0
2135,120,10.0,0
2136,130,12.0,0
2137,142,8.0,0
2138,150,13.0,0
2139,163,4.0,0
2140,167,-152.0,1
2141,15,11.0,0
2142,26,12.0,0
2143,38,8.0,0
2144,46,19.0,0
2145,65,7.0,0
2146,72,-67.0,1
2147,5,8.0,0
2148,13,15.0,0
2149,28,9.0,0
2150,37,21.0,0
2151,58,13.0,0
2152,71,9.0,0
2153,80,5.0,0
2154,85,11.0,0
2155,96,10.0,0
2156,106,17.0,0
2157,123,10.0,0
2158,133,6.0,0
2159,139,11.0,0
2160,150,-146.0,1
2161,4,11.0,0
2162,15,6.0,0
2163,21,8.0,0
2164,29,15.0,0
2165,44,11.0,0
2166,55,7.0,0
2167,62,13.0,0
2168,75,12.0,0
2169,87,17.0,0
2170,104,11.0,0
2171,115,-106.0,1
2172,9,9.0,0
2173,18,8.0,0
2174,26,7.0,0
2175,33,12.0,0
2176,45,12.0,0
2177,57,13.0,0
2178,70,12.0,0
2179,82,3.0,0
2180,85,9.0,0
2181,94,6.0,0
2182,100,10.0,0
2183,110,5.0,0
2184,115,16.0,0
2185,131,-124.0,1
2186,7,10.0,0
2187,17,10.0,0
2188,27,9.0,0
2189,36,5.0,0
2190,41,3.0,0
2191,44,11.0,0
2192,55,10.0,0
2193,65,10.0,0
2194,75,6.0,0
2195,81,15.0,0
2196,96,-85.0,1
2197,11,8.0,0
2198,19,12.0,0
2199,31,5.0,0
2200,36,12.0,0
2201,48,6.0,0
2202,54,8.0,0
2203,62,12.0,0
2204,74,17.0,0
2205,91,5.0,0
2206,96,7.0,0
2207,103,6.0,0
2208,109,-101.0,1
2209,8,5.0,0
2210,13,11.0,0
2211,24,16.0,0
2212,40,11.0,0
2213,51,15.0,0
2214,66,10.0,0
2215,76,14.0,0
2216,90,6.0,0
2217,96,7.0,0
2218,103,5.0,0
2219,108,14.0,0
2220,122,18.0,0
2221,140,-128.0,1
2222,12,13.0,0
2223,25,7.0,0
2224,32,7.0,0
2225,39,7.0,0
2226,46,12.0,0
2227,58,10.0,0
2228,68,5.0,0
2229,73,10.0,0
2230,83,11.0,0
2231,94,10.0,0
2232,104,9.0,0
2233,113,11.0,0
2234,124,5.0,0
2235,129,8.0,0
2236,137,-122.0,1
2237,15,9.0,0
2238,24,11.0,0
2239,35,13.0,0
2240,48,7.0,0
2241,55,11.0,0
2242,66,10.0,0
2243,76,11.0,0
2244,87,16.0,0
2245,103,-93.0,1
2246,10,9.0,0
2247,19,5.0,0
2248,24,8.0,0
2249,32,15.0,0
2250,47,8.0,0
2251,55,18.0,0
2252,73,12.0,0
2253,85,5.0,0
2254,90,13.0,0
2255,103,11.0,0
2256,114,9.0,0
2257,123,10.0,0
2258,133,8.0,0
2259,141,13.0,0
2260,154,8.0,0
2261,162,-151.0,1
2262,11,9.0,0
2263,20,9.0,0
2264,29,8.0,0
2265,37,13.0,0
2266,50,16.0,0
2267,66,14.0,0
2268,80,9.0,0
2269,89,6.0,0
2270,95,7.0,0
2271,102,8.0,0
2272,110,13.0,0
2273,123,-111.0,1
2274,12,5.0,0
2275,17,6.0,0
2276,23,9.0,0
2277,32,8.0,0
2278,40,8.0,0
2279,48,9.0,0
2280,57,12.0,0
2281,69,14.0,0
2282,83,9.0,0
2283,92,10.0,0
2284,102,10.0,0
2285,112,8.0,0
2286,120,9.0,0
2287,129,14.0,0
2288,143,15.0,0
2289,158,13.0,0
2290,171,7.0,0
2291,178,4.0,0
2292,182,-172.0,1
2293,10,15.0,0
2294,25,16.0,0
2295,41,8.0,0
2296,49,6.0,0
2297,55,4.0,0
2298,59,15.0,0
2299,74,10.0,0
2300,84,8.0,0
2301,92,4.0,0
2302,96,-90.0,1
2303,6,16.0,0
2304,22,10.0,0
2305,32,8.0,0
2306,40,22.0,0
2307,62,7.0,0
2308,69,8.0,0
2309,77,7.0,0
2310,84,12.0,0
2311,96,10.0,0
2312,106,15.0,0
2313,121,7.0,0
2314,128,12.0,0
2315,140,-129.0,1
2316,11,9.0,0
2317,20,5.0,0
2318,25,13.0,0
2319,38,8.0,0
2320,46,14.0,0
2321,60,11.0,0
2322,71,18.0,0
2323,89,11.0,0
2324,100,14.0,0
2325,114,17.0,0
2326,131,8.0,0
2327,139,-130.0,1
2328,9,2.0,0
2329,11,7.0,0
2330,18,14.0,0
2331,32,11.0,0
2332,43,10.0,0
2333,53,3.0,0
2334,56,18.0,0
2335,74,7.0,0
2336,81,3.0,0
2337,84,6.0,0
2338,90,4.0,0
2339,94,-82.0,1
2340,12,13.0,0
2341,25,11.0,0
2342,36,10.0,0
2343,46,13.0,0
2344,59,7.0,0
2345,66,8.0,0
2346,74,7.0,0
2347,81,7.0,0
2348,88,12.0,0
2349,100,19.0,0
2350,119,3.0,0
2351,122,13.0,0
2352,135,6.0,0
2353,141,-135.0,1
2354,6,16.0,0
2355,22,4.0,0
2356,26,9.0,0
2357,35,9.0,0
2358,44,6.0,0
2359,50,6.0,0
2360,56,10.0,0
2361,66,8.0,0
2362,74,9.0,0
2363,83,5.0,0
2364,88,10.0,0
2365,98,-85.0,1
2366,13,6.0,0
2367,19,14.0,0
2368,33,13.0,0
2369,46,10.0,0
2370,56,8.0,0
2371,64,9.0,0
2372,73,7.0,0
2373,80,12.0,0
2374,92,9.0,0
2375,101,4.0,0
2376,105,4.0,0
2377,109,-103.0,1
2378,6,8.0,0
2379,14,14.0,0
2380,28,11.0,0
2381,39,6.0,0
2382,45,9.0,0
2383,54,17.0,0
2384,71,16.0,0
2385,87,4.0,0
2386,91,14.0,0
2387,105,-98.0,1
2388,7,9.0,0
2389,16,20.0,0
2390,36,8.0,0
2391,44,14.0,0
2392,58,20.0,0
2393,78,3.0,0
2394,81,10.0,0
2395,91,13.0,0
2396,104,17.0,0
2397,121,2.0,0
2398,123,13.0,0
2399,136,17.0,0
2400,153,15.0,0
2401,168,8.0,0
2402,176,12.0,0
2403,188,-181.0,1
2404,7,12.0,0
2405,19,6.0,0
2406,25,6.0,0
2407,31,8.0,0
2408,39,8.0,0
2409,47,12.0,0
2410,59,15.0,0
2411,74,8.0,0
2412,82,8.0,0
2413,90,4.0,0
2414,94,6.0,0
2415,100,14.0,0
2416,114,5.0,0
2417,119,-101.0,1
2418,18,8.0,0
2419,26,16.0,0
2420,42,11.0,0
2421,53,3.0,0
2422,56,8.0,0
2423,64,4.0,0
2424,68,12.0,0
2425,80,17.0,0
2426,97,14.0,0
2427,111,15.0,0
2428,126,16.0,0
2429,142,-134.0,1
2430,8,5.0,0
2431,13,20.0,0
2432,33,5.0,0
2433,38,10.0,0
2434,48,15.0,0
2435,63,7.0,0
2436,70,7.0,0
2437,77,16.0,0
2438,93,7.0,0
2439,100,-88.0,1
2440,12,9.0,0
2441,21,15.0,0
2442,36,0.0,0
2443,36,10.0,0
2444,46,12.0,0
2445,58,16.0,0
2446,74,9.0,0
2447,83,14.0,0
2448,97,17.0,0
2449,114,10.0,0
2450,124,6.0,0
2451,130,17.0,0
2452,147,-131.0,1
2453,16,6.0,0
2454,22,12.0,0
2455,34,11.0,0
2456,45,9.0,0
2457,54,13.0,0
2458,67,10.0,0
2459,77,8.0,0
2460,85,14.0,0
2461,99,12.0,0
2462,111,8.0,0
2463,119,-105.0,1
2464,14,8.0,0
2465,22,15.0,0
2466,37,14.0,0
2467,51,7.0,0
2468,58,11.0,0
2469,69,-63.0,1
2470,6,11.0,0
2471,17,11.0,0
2472,28,21.0,0
2473,49,7.0,0
2474,56,9.0,0
2475,65,12.0,0
2476,77,17.0,0
2477,94,11.0,0
2478,105,9.0,0
2479,114,5.0,0
2480,119,11.0,0
2481,130,6.0,0
2482,136,-118.0,1
2483,18,8.0,0
2484,26,8.0,0
2485,34,5.0,0
2486,39,7.0,0
2487,46,18.0,0
2488,64,14.0,0
2489,78,8.0,0
2490,86,9.0,0
2491,95,13.0,0
2492,108,9.0,0
2493,117,6.0,0
2494,123,14.0,0
2495,137,7.0,0
2496,144,10.0,0
2497,154,-140.0,1
2498,14,6.0,0
2499,20,10.0,0
2500,30,3.0,0
2501,33,4.0,0
2502,37,14.0,0
2503,51,7.0,0
2504,58,13.0,0
2505,71,8.0,0
2506,79,10.0,0
2507,89,6.0,0
2508,95,20.0,0
2509,115,6.0,0
2510,121,8.0,0
2511,129,7.0,0
2512,136,20.0,0
2513,156,-143.0,1
2514,13,8.0,0
2515,21,9.0,0
2516,30,13.0,0
2517,43,11.0,0
2518,54,21.0,0
2519,75,13.0,0
2520,88,11.0,0
2521,99,17.0,0
2522,116,-108.0,1
2523,8,7.0,0
2524,15,3.0,0
2525,18,18.0,0
2526,36,6.0,0
2527,42,3.0,0
2528,45,8.0,0
2529,53,-36.0,1
2530,17,8.0,0
2531,25,9.0,0
2532,34,8.0,0
2533,42,5.0,0
2534,47,12.0,0
2535,59,8.0,0
2536,67,13.0,0
2537,80,8.0,0
2538,88,13.0,0
2539,101,-96.0,1
2540,5,5.0,0
2541,10,6.0,0
2542,16,5.0,0
2543,21,12.0,0
2544,33,3.0,0
2545,36,9.0,0
2546,45,18.0,0
2547,63,7.0,0
2548,70,9.0,0
2549,79,12.0,0
2550,91,7.0,0
2551,98,5.0,0
2552,103,17.0,0
2553,120,11.0,0
2554,131,9.0,0
2555,140,9.0,0
2556,149,-140.0,1
2557,9,14.0,0
2558,23,3.0,0
2559,26,16.0,0
2560,42,9.0,0
2561,51,10.0,0
2562,61,8.0,0
2563,69,15.0,0
2564,84,-72.0,1
2565,12,5.0,0
2566,17,12.0,0
2567,29,10.0,0
2568,39,9.0,0
2569,48,14.0,0
2570,62,7.0,0
2571,69,9.0,0
2572,78,9.0,0
2573,87,14.0,0
2574,101,13.0,0
2575,114,7.0,0
2576,121,9.0,0
2577,130,-128.0,1
2578,2,14.0,0
2579,16,9.0,0
2580,25,10.0,0
2581,35,11.0,0
2582,46,25.0,0
2583,71,9.0,0
2584,80,21.0,0
2585,101,14.0,0
2586,115,15.0,0
2587,130,3.0,0
2588,133,11.0,0
2589,144,11.0,0
2590,155,18.0,0
2591,173,-166.0,1
2592,7,9.0,0
2593,16,2.0,0
2594,18,11.0,0
2595,29,4.0,0
2596,33,6.0,0
2597,39,2.0,0
2598,41,10.0,0
2599,51,10.0,0
2600,61,12.0,0
2601,73,12.0,0
2602,85,10.0,0
2603,95,-88.0,1
2604,7,9.0,0
2605,16,5.0,0
2606,21,9.0,0
2607,30,15.0,0
2608,45,4.0,0
2609,49,9.0,0
2610,58,6.0,0
2611,64,9.0,0
2612,73,13.0,0
2613,86,9.0,0
2614,95,4.0,0
2615,99,-93.0,1
2616,6,21.0,0
2617,27,11.0,0
2618,38,15.0,0
2619,53,8.0,0
2620,61,12.0,0
2621,73,10.0,0
2622,83,9.0,0
2623,92,6.0,0
2624,98,15.0,0
2625,113,-103.0,1
2626,10,12.0,0
2627,22,5.0,0
2628,27,8.0,0
2629,35,7.0,0
2630,42,12.0,0
2631,54,7.0,0
2632,61,15.0,0
2633,76,-71.0,1
2634,5,9.0,0
2635,14,12.0,0
2636,26,6.0,0
2637,32,17.0,0
2638,49,6.0,0
2639,55,8.0,0
2640,63,22.0,0
2641,85,12.0,0
2642,97,18.0,0
2643,115,20.0,0
2644,135,-129.0,1
2645,6,8.0,0
2646,14,10.0,0
2647,24,12.0,0
2648,36,5.0,0
2649,41,6.0,0
2650,47,12.0,0
2651,59,11.0,0
2652,70,3.0,0
2653,73,13.0,0
2654,86,6.0,0
2655,92,11.0,0
2656,103,18.0,0
2657,121,6.0,0
2658,127,-115.0,1
2659,12,11.0,0
2660,23,11.0,0
2661,34,9.0,0
2662,43,8.0,0
2663,51,8.0,0
2664,59,6.0,0
2665,65,7.0,0
2666,72,6.0,0
2667,78,10.0,0
2668,88,18.0,0
2669,106,4.0,0
2670,110,8.0,0
2671,118,-112.0,1
2672,6,6.0,0
2673,12,6.0,0
2674,18,8.0,0
2675,26,7.0,0
2676,33,9.0,0
2677,42,13.0,0
2678,55,6.0,0
2679,61,8.0,0
2680,69,6.0,0
2681,75,6.0,0
2682,81,-71.0,1
2683,10,14.0,0
2684,24,13.0,0
2685,37,9.0,0
2686,46,9.0,0
2687,55,10.0,0
2688,65,-62.0,1
2689,3,12.0,0
2690,15,10.0,0
2691,25,8.0,0
2692,33,9.0,0
2693,42,11.0,0
2694,53,4.0,0
2695,57,5.0,0
2696,62,14.0,0
2697,76,10.0,0
2698,86,11.0,0
2699,97,15.0,0
2700,112,-110.0,1
2701,2,19.0,0
2702,21,6.0,0
2703,27,6.0,0
2704,33,7.0,0
2705,40,5.0,0
2706,45,2.0,0
2707,47,9.0,0
2708,56,13.0,0
2709,69,5.0,0
2710,74,11.0,0
2711,85,6.0,0
2712,91,8.0,0
2713,99,10.0,0
2714,109,-99.0,1
2715,10,3.0,0
2716,13,12.0,0
2717,25,10.0,0
2718,35,17.0,0
2719,52,7.0,0
2720,59,12.0,0
2721,71,6.0,0
2722,77,14.0,0
2723,91,9.0,0
2724,100,12.0,0
2725,112,-102.0,1
2726,10,9.0,0
2727,19,3.0,0
2728,22,12.0,0
2729,34,7.0,0
2730,41,3.0,0
2731,44,17.0,0
2732,61,7.0,0
2733,68,18.0,0
2734,86,7.0,0
2735,93,9.0,0
2736,102,-99.0,1
2737,3,5.0,0
2738,8,9.0,0
2739,17,7.0,0
2740,24,6.0,0
2741,30,9.0,0
2742,39,7.0,0
2743,46,12.0,0
2744,58,9.0,0
2745,67,11.0,0
2746,78,3.0,0
2747,81,12.0,0
2748,93,7.0,0
2749,100,-92.0,1
2750,8,5.0,0
2751,13,9.0,0
2752,22,10.0,0
2753,32,13.0,0
2754,45,13.0,0
2755,58,6.0,0
2756,64,14.0,0
2757,78,-67.0,1
2758,11,11.0,0
2759,22,7.0,0
2760,29,9.0,0
2761,38,6.0,0
2762,44,10.0,0
2763,54,9.0,0
2764,63,9.0,0
2765,72,11.0,0
2766,83,12.0,0
2767,95,4.0,0
2768,99,13.0,0
2769,112,6.0,0
2770,118,10.0,0
2771,128,14.0,0
2772,142,-135.0,1
2773,7,9.0,0
2774,16,15.0,0
2775,31,12.0,0
2776,43,12.0,0
2777,55,8.0,0
2778,63,8.0,0
2779,71,22.0,0
2780,93,16.0,0
2781,109,8.0,0
2782,117,16.0,0
2783,133,18.0,0
2784,151,17.0,0
2785,168,-161.0,1
2786,7,9.0,0
2787,16,3.0,0
2788,19,12.0,0
2789,31,17.0,0
2790,48,8.0,0
2791,56,11.0,0
2792,67,9.0,0
2793,76,7.0,0
2794,83,5.0,0
2795,88,7.0,0
2796,95,-83.0,1
2797,12,5.0,0
2798,17,14.0,0
2799,31,5.0,0
2800,36,5.0,0
2801,41,2.0,0
2802,43,13.0,0
2803,56,26.0,0
2804,82,6.0,0
2805,88,6.0,0
2806,94,9.0,0
2807,103,13.0,0
2808,116,6.0,0
2809,122,-118.0,1
2810,4,7.0,0
2811,11,11.0,0
2812,22,0.0,0
2813,22,7.0,0
2814,29,10.0,0
2815,39,6.0,0
2816,45,14.0,0
2817,59,9.0,0
2818,68,12.0,0
2819,80,11.0,0
2820,91,5.0,0
2821,96,10.0,0
2822,106,12.0,0
2823,118,-111.0,1
2824,7,6.0,0
2825,13,5.0,0
2826,18,5.0,0
2827,23,20.0,0
2828,43,23.0,0
2829,66,12.0,0
2830,78,11.0,0
2831,89,12.0,0
2832,101,12.0,0
2833,113,19.0,0
2834,132,3.0,0
2835,135,-122.0,1
2836,13,10.0,0
2837,23,8.0,0
2838,31,21.0,0
2839,52,5.0,0
2840,57,9.0,0
2841,66,11.0,0
2842,77,12.0,0
2843,89,-83.0,1
2844,6,13.0,0
2845,19,20.0,0
2846,39,7.0,0
2847,46,16.0,0
2848,62,12.0,0
2849,74,9.0,0
2850,83,11.0,0
2851,94,-79.0,1
2852,15,10.0,0
2853,25,8.0,0
2854,33,5.0,0
2855,38,14.0,0
2856,52,13.0,0
2857,65,4.0,0
2858,69,5.0,0
2859,74,9.0,0
2860,83,11.0,0
2861,94,11.0,0
2862,105,5.0,0
2863,110,8.0,0
2864,118,-114.0,1
2865,4,16.0,0
2866,20,8.0,0
2867,28,4.0,0
2868,32,13.0,0
2869,45,9.0,0
2870,54,6.0,0
2871,60,10.0,0
2872,70,6.0,0
2873,76,2.0,0
2874,78,9.0,0
2875,87,9.0,0
2876,96,-83.0,1
2877,13,5.0,0
2878,18,16.0,0
2879,34,8.0,0
2880,42,15.0,0
2881,57,4.0,0
2882,61,12.0,0
2883,73,5.0,0
2884,78,9.0,0
2885,87,3.0,0
2886,90,9.0,0
2887,99,10.0,0
2888,109,8.0,0
2889,117,10.0,0
2890,127,10.0,0
2891,137,10.0,0
2892,147,11.0,0
2893,158,7.0,0
2894,165,11.0,0
2895,176,-157.0,1
2896,19,7.0,0
2897,26,4.0,0
2898,30,6.0,0
2899,36,15.0,0
2900,51,19.0,0
2901,70,13.0,0
2902,83,8.0,0
2903,91,13.0,0
2904,104,10.0,0
2905,114,10.0,0
2906,124,11.0,0
2907,135,8.0,0
2908,143,7.0,0
2909,150,-148.0,1
2910,2,11.0,0
2911,13,13.0,0
2912,26,1.0,0
2913,27,14.0,0
2914,41,10.0,0
2915,51,2.0,0
2916,53,11.0,0
2917,64,14.0,0
2918,78,8.0,0
2919,86,8.0,0
2920,94,12.0,0
2921,106,15.0,0
2922,121,7.0,0
2923,128,16.0,0
2924,144,-138.0,1
2925,6,10.0,0
2926,16,14.0,0
2927,30,7.0,0
2928,37,13.0,0
2929,50,4.0,0
2930,54,17.0,0
2931,71,6.0,0
2932,77,9.0,0
2933,86,18.0,0
2934,104,9.0,0
2935,113,10.0,0
2936,123,10.0,0
2937,133,5.0,0
2938,138,19.0,0
2939,157,14.0,0
2940,171,-159.0,1
2941,12,7.0,0
2942,19,6.0,0
2943,25,6.0,0
2944,31,14.0,0
2945,45,9.0,0
2946,54,12.0,0
2947,66,8.0,0
2948,74,7.0,0
2949,81,10.0,0
2950,91,13.0,0
2951,104,-91.0,1
2952,13,10.0,0
2953,23,9.0,0
2954,32,12.0,0
2955,44,10.0,0
2956,54,8.0,0
2957,62,14.0,0
2958,76,7.0,0
2959,83,5.0,0
2960,88,9.0,0
2961,97,-89.0,1
2962,8,13.0,0
2963,21,3.0,0
2964,24,9.0,0
2965,33,5.0,0
2966,38,8.0,0
2967,46,8.0,0
2968,54,11.0,0
2969,65,13.0,0
2970,78,-72.0,1
2971,6,9.0,0
2972,15,6.0,0
2973,21,13.0,0
2974,34,6.0,0
2975,40,14.0,0
2976,54,15.0,0
2977,69,8.0,0
2978,77,9.0,0
2979,86,5.0,0
2980,91,19.0,0
2981,110,13.0,0
2982,123,14.0,0
2983,137,-130.0,1
2984,7,7.0,0
2985,14,10.0,0
2986,24,6.0,0
2987,30,8.0,0
2988,38,10.0,0
2989,48,10.0,0
2990,58,4.0,0
2991,62,21.0,0
2992,83,6.0,0
2993,89,5.0,0
2994,94,7.0,0
2995,101,16.0,0
2996,117,19.0,0
2997,136,11.0,0
2998,147,14.0,0
2999,161,6.0,0
3000,167,-151.0,1
3001,16,15.0,0
3002,31,19.0,0
3003,50,14.0,0
3004,64,10.0,0
3005,74,15.0,0
3006,89,13.0,0
3007,102,18.0,0
3008,120,6.0,0
3009,126,-105.0,1
3010,21,19.0,0
3011,40,13.0,0
3012,53,8.0,0
3013,61,7.0,0
3014,68,10.0,0
3015,78,9.0,0
3016,87,17.0,0
3017,104,12.0,0
3018,116,13.0,0
3019,129,-117.0,1
3020,12,5.0,0
3021,17,10.0,0
3022,27,13.0,0
3023,40,7.0,0
3024,47,11.0,0
3025,58,7.0,0
3026,65,12.0,0
3027,77,7.0,0
3028,84,-69.0,1
3029,15,13.0,0
3030,28,2.0,0
3031,30,3.0,0
3032,33,14.0,0
3033,47,10.0,0
3034,57,7.0,0
3035,64,5.0,0
3036,69,12.0,0
3037,81,9.0,0
3038,90,11.0,0
3039,101,5.0,0
3040,106,-97.0,1
3041,9,1.0,0
3042,10,9.0,0
3043,19,23.0,0
3044,42,8.0,0
3045,50,3.0,0
3046,53,15.0,0
3047,68,11.0,0
3048,79,12.0,0
3049,91,6.0,0
3050,97,11.0,0
3051,108,4.0,0
3052,112,10.0,0
3053,122,10.0,0
3054,132,-125.0,1
3055,7,10.0,0
3056,17,8.0,0
3057,25,19.0,0
3058,44,15.0,0
3059,59,8.0,0
3060,67,12.0,0
3061,79,9.0,0
3062,88,10.0,0
3063,98,22.0,0
3064,120,9.0,0
3065,129,7.0,0
3066,136,7.0,0
3067,143,18.0,0
3068,161,7.0,0
3069,168,6.0,0
3070,174,14.0,0
3071,188,-177.0,1
3072,11,17.0,0
3073,28,7.0,0
3074,35,16.0,0
3075,51,18.0,0
3076,69,14.0,0
3077,83,8.0,0
3078,91,9.0,0
3079,100,4.0,0
3080,104,8.0,0
3081,112,8.0,0
3082,120,-106.0,1
3083,14,7.0,0
3084,21,12.0,0
3085,33,7.0,0
3086,40,8.0,0
3087,48,6.0,0
3088,54,9.0,0
3089,63,15.0,0
3090,78,7.0,0
3091,85,11.0,0
3092,96,4.0,0
3093,100,-86.0,1
3094,14,14.0,0
3095,28,5.0,0
3096,33,11.0,0
3097,44,5.0,0
3098,49,26.0,0
3099,75,11.0,0
3100,86,2.0,0
3101,88,6.0,0
3102,94,11.0,0
3103,105,14.0,0
3104,119,13.0,0
3105,132,5.0,0
3106,137,4.0,0
3107,141,11.0,0
3108,152,-142.0,1
3109,10,8.0,0
3110,18,13.0,0
3111,31,3.0,0
3112,34,13.0,0
3113,47,5.0,0
3114,52,17.0,0
3115,69,7.0,0
3116,76,4.0,0
3117,80,5.0,0
3118,85,10.0,0
3119,95,-71.0,1
3120,24,5.0,0
3121,29,11.0,0
3122,40,6.0,0
3123,46,13.0,0
3124,59,13.0,0
3125,72,20.0,0
3126,92,5.0,0
3127,97,8.0,0
3128,105,8.0,0
3129,113,7.0,0
3130,120,9.0,0
3131,129,7.0,0
3132,136,-126.0,1
3133,10,3.0,0
3134,13,15.0,0
3135,28,14.0,0
3136,42,7.0,0
3137,49,16.0,0
3138,65,11.0,0
3139,76,7.0,0
3140,83,2.0,0
3141,85,8.0,0
3142,93,11.0,0
3143,104,12.0,0
3144,116,8.0,0
3145,124,19.0,0
3146,143,-132.0,1
3147,11,9.0,0
3148,20,8.0,0
3149,28,11.0,0
3150,39,12.0,0
3151,51,17.0,0
3152,68,10.0,0
3153,78,9.0,0
3154,87,4.0,0
3155,91,8.0,0
3156,99,11.0,0
3157,110,5.0,0
3158,115,5.0,0
3159,120,14.0,0
3160,134,3.0,0
3161,137,10.0,0
3162,147,18.0,0
3163,165,-152.0,1
3164,13,8.0,0
3165,21,9.0,0
3166,30,6.0,0
3167,36,13.0,0
3168,49,-36.0,1
3169,13,14.0,0
3170,27,14.0,0
3171,41,11.0,0
3172,52,5.0,0
3173,57,17.0,0
3174,74,10.0,0
3175,84,9.0,0
3176,93,9.0,0
3177,102,9.0,0
3178,111,6.0,0
3179,117,6.0,0
3180,123,7.0,0
3181,130,10.0,0
3182,140,6.0,0
3183,146,8.0,0
3184,154,10.0,0
3185,164,9.0,0
3186,173,-158.0,1
3187,15,7.0,0
3188,22,10.0,0
3189,32,8.0,0
3190,40,4.0,0
3191,44,7.0,0
3192,51,13.0,0
3193,64,9.0,0
3194,73,13.0,0
3195,86,7.0,0
3196,93,5.0,0
3197,98,-89.0,1
3198,9,10.0,0
3199,19,7.0,0
3200,26,4.0,0
3201,30,5.0,0
3202,35,14.0,0
3203,49,8.0,0
3204,57,13.0,0
3205,70,5.0,0
3206,75,7.0,0
3207,82,6.0,0
3208,88,11.0,0
3209,99,5.0,0
3210,104,14.0,0
3211,118,5.0,0
3212,123,9.0,0
3213,132,-126.0,1
3214,6,13.0,0
3215,19,6.0,0
3216,25,17.0,0
3217,42,16.0,0
3218,58,9.0,0
3219,67,5.0,0
3220,72,7.0,0
3221,79,10.0,0
3222,89,3.0,0
3223,92,6.0,0
3224,98,12.0,0
3225,110,26.0,0
3226,136,-111.0,1
3227,25,9.0,0
3228,34,12.0,0
3229,46,10.0,0
3230,56,7.0,0
3231,63,7.0,0
3232,70,6.0,0
3233,76,6.0,0
3234,82,5.0,0
3235,87,12.0,0
3236,99,23.0,0
3237,122,7.0,0
3238,129,5.0,0
3239,134,7.0,0
3240,141,-131.0,1
3241,10,13.0,0
3242,23,13.0,0
3243,36,7.0,0
3244,43,24.0,0
3245,67,24.0,0
3246,91,18.0,0
3247,109,12.0,0
3248,121,12.0,0
3249,133,-127.0,1
3250,6,14.0,0
3251,20,13.0,0
3252,33,7.0,0
3253,40,11.0,0
3254,51,12.0,0
3255,63,9.0,0
3256,72,13.0,0
3257,85,9.0,0
3258,94,9.0,0
3259,103,9.0,0
3260,112,-101.0,1
3261,11,9.0,0
3262,20,6.0,0
3263,26,15.0,0
3264,41,10.0,0
3265,51,10.0,0
3266,61,10.0,0
3267,71,-58.0,1
3268,13,17.0,0
3269,30,14.0,0
3270,44,6.0,0
3271,50,8.0,0
3272,58,8.0,0
3273,66,5.0,0
3274,71,12.0,0
3275,83,9.0,0
3276,92,6.0,0
3277,98,-92.0,1
3278,6,17.0,0
3279,23,14.0,0
3280,37,9.0,0
3281,46,5.0,0
3282,51,4.0,0
3283,55,8.0,0
3284,63,-54.0,1
3285,9,22.0,0
3286,31,11.0,0
3287,42,7.0,0
3288,49,8.0,0
3289,57,12.0,0
3290,69,6.0,0
3291,75,11.0,0
3292,86,20.0,0
3293,106,11.0,0
3294,117,19.0,0
3295,136,13.0,0
3296,149,6.0,0
3297,155,7.0,0
3298,162,10.0,0
3299,172,6.0,0
3300,178,8.0,0
3301,186,10.0,0
3302,196,12.0,0
3303,208,-202.0,1
3304,6,10.0,0
3305,16,7.0,0
3306,23,13.0,0
3307,36,10.0,0
3308,46,14.0,0
3309,60,11.0,0
3310,71,16.0,0
3311,87,8.0,0
3312,95,19.0,0
3313,114,5.0,0
3314,119,16.0,0
3315,135,7.0,0
3316,142,-127.0,1
3317,15,7.0,0
3318,22,8.0,0
3319,30,8.0,0
3320,38,11.0,0
3321,49,10.0,0
3322,59,8.0,0
3323,67,2.0,0
3324,69,3.0,0
3325,72,8.0,0
3326,80,5.0,0
3327,85,6.0,0
3328,91,14.0,0
3329,105,10.0,0
3330,115,6.0,0
3331,121,8.0,0
3332,129,7.0,0
3333,136,15.0,0
3334,151,5.0,0
3335,156,9.0,0
3336,165,-151.0,1
3337,14,13.0,0
3338,27,13.0,0
3339,40,14.0,0
3340,54,12.0,0
3341,66,-52.0,1
3342,14,9.0,0
3343,23,11.0,0
3344,34,15.0,0
3345,49,10.0,0
3346,59,10.0,0
3347,69,12.0,0
3348,81,12.0,0
3349,93,16.0,0
3350,109,-104.0,1
3351,5,9.0,0
3352,14,10.0,0
3353,24,3.0,0
3354,27,9.0,0
3355,36,15.0,0
3356,51,8.0,0
3357,59,7.0,0
3358,66,12.0,0
3359,78,11.0,0
3360,89,9.0,0
3361,98,7.0,0
3362,105,13.0,0
3363,118,6.0,0
3364,124,12.0,0
3365,136,13.0,0
3366,149,-136.0,1
3367,13,7.0,0
3368,20,6.0,0
3369,26,9.0,0
3370,35,3.0,0
3371,38,4.0,0
3372,42,9.0,0
3373,51,7.0,0
3374,58,4.0,0
3375,62,10.0,0
3376,72,14.0,0
3377,86,7.0,0
3378,93,-76.0,1
3379,17,8.0,0
3380,25,15.0,0
3381,40,6.0,0
3382,46,10.0,0
3383,56,12.0,0
3384,68,13.0,0
3385,81,16.0,0
3386,97,12.0,0
3387,109,7.0,0
3388,116,7.0,0
3389,123,8.0,0
3390,131,-119.0,1
3391,12,11.0,0
3392,23,23.0,0
3393,46,14.0,0
3394,60,16.0,0
3395,76,11.0,0
3396,87,8.0,0
3397,95,5.0,0
3398,100,9.0,0
3399,109,6.0,0
3400,115,11.0,0
3401,126,9.0,0
3402,135,15.0,0
3403,150,-143.0,1
3404,7,9.0,0
3405,16,7.0,0
3406,23,4.0,0
3407,27,15.0,0
3408,42,12.0,0
3409,54,12.0,0
3410,66,13.0,0
3411,79,6.0,0
3412,85,16.0,0
3413,101,12.0,0
3414,113,-99.0,1
3415,14,5.0,0
3416,19,11.0,0
3417,30,7.0,0
3418,37,7.0,0
3419,44,4.0,0
3420,48,9.0,0
3421,57,9.0,0
3422,66,12.0,0
3423,78,5.0,0
3424,83,5.0,0
3425,88,12.0,0
3426,100,5.0,0
3427,105,19.0,0
3428,124,-119.0,1
3429,5,6.0,0
3430,11,7.0,0
3431,18,5.0,0
3432,23,17.0,0
3433,40,7.0,0
3434,47,11.0,0
3435,58,17.0,0
3436,75,15.0,0
3437,90,10.0,0
3438,100,7.0,0
3439,107,17.0,0
3440,124,7.0,0
3441,131,6.0,0
3442,137,-117.0,1
3443,20,16.0,0
3444,36,1.0,0
3445,37,7.0,0
3446,44,5.0,0
3447,49,17.0,0
3448,66,15.0,0
3449,81,1.0,0
3450,82,10.0,0
3451,92,-81.0,1
3452,11,6.0,0
3453,17,5.0,0
3454,22,16.0,0
3455,38,12.0,0
3456,50,18.0,0
3457,68,7.0,0
3458,75,13.0,0
3459,88,16.0,0
3460,104,6.0,0
3461,110,13.0,0
3462,123,15.0,0
3463,138,10.0,0
3464,148,11.0,0
3465,159,17.0,0
3466,176,-171.0,1
3467,5,8.0,0
3468,13,13.0,0
3469,26,9.0,0
3470,35,13.0,0
3471,48,5.0,0
3472,53,9.0,0
3473,62,2.0,0
3474,64,6.0,0
3475,70,14.0,0
3476,84,2.0,0
3477,86,14.0,0
3478,100,9.0,0
3479,109,7.0,0
3480,116,4.0,0
3481,120,8.0,0
3482,128,-115.0,1
3483,13,6.0,0
3484,19,20.0,0
3485,39,11.0,0
3486,50,12.0,0
3487,62,11.0,0
3488,73,7.0,0
3489,80,9.0,0
3490,89,8.0,0
3491,97,7.0,0
3492,104,7.0,0
3493,111,7.0,0
3494,118,4.0,0
3495,122,12.0,0
3496,134,11.0,0
3497,145,-139.0,1
3498,6,10.0,0
3499,16,5.0,0
3500,21,1.0,0
3501,22,8.0,0
3502,30,10.0,0
3503,40,9.0,0
3504,49,7.0,0
3505,56,10.0,0
3506,66,12.0,0
3507,78,5.0,0
3508,83,18.0,0
3509,101,2.0,0
3510,103,10.0,0
3511,113,18.0,0
3512,131,3.0,0
3513,134,15.0,0
3514,149,-139.0,1
3515,10,7.0,0
3516,17,5.0,0
3517,22,7.0,0
3518,29,19.0,0
3519,48,14.0,0
3520,62,8.0,0
3521,70,10.0,0
3522,80,14.0,0
3523,94,3.0,0
3524,97,4.0,0
3525,101,-98.0,1
3526,3,8.0,0
3527,11,8.0,0
3528,19,20.0,0
3529,39,21.0,0
3530,60,11.0,0
3531,71,12.0,0
3532,83,5.0,0
3533,88,14.0,0
3534,102,3.0,0
3535,105,11.0,0
3536,116,10.0,0
3537,126,13.0,0
3538,139,4.0,0
3539,143,9.0,0
3540,152,-145.0,1
3541,7,11.0,0
3542,18,11.0,0
3543,29,8.0,0
3544,37,10.0,0
3545,47,6.0,0
3546,53,10.0,0
3547,63,12.0,0
3548,75,3.0,0
3549,78,14.0,0
3550,92,10.0,0
3551,102,8.0,0
3552,110,9.0,0
3553,119,9.0,0
3554,128,17.0,0
3555,145,21.0,0
3556,166,-158.0,1
3557,8,16.0,0
3558,24,12.0,0
3559,36,18.0,0
3560,54,10.0,0
3561,64,-43.0,1
3562,21,11.0,0
3563,32,7.0,0
3564,39,9.0,0
3565,48,3.0,0
3566,51,6.0,0
3567,57,9.0,0
3568,66,10.0,0
3569,76,16.0,0
3570,92,-86.0,1
3571,6,5.0,0
3572,11,16.0,0
3573,27,12.0,0
3574,39,7.0,0
3575,46,16.0,0
3576,62,4.0,0
3577,66,9.0,0
3578,75,16.0,0
3579,91,8.0,0
3580,99,8.0,0
3581,107,12.0,0
3582,119,-104.0,1
3583,15,2.0,0
3584,17,4.0,0
3585,21,5.0,0
3586,26,8.0,0
3587,34,15.0,0
3588,49,13.0,0
3589,62,13.0,0
3590,75,17.0,0
3591,92,6.0,0
3592,98,10.0,0
3593,108,6.0,0
3594,114,6.0,0
3595,120,8.0,0
3596,128,5.0,0
3597,133,8.0,0
3598,141,-133.0,1
3599,8,4.0,0
3600,12,6.0,0
3601,18,9.0,0
3602,27,12.0,0
3603,39,6.0,0
3604,45,13.0,0
3605,58,10.0,0
3606,68,9.0,0
3607,77,7.0,0
3608,84,4.0,0
3609,88,6.0,0
3610,94,6.0,0
3611,100,3.0,0
3612,103,24.0,0
3613,127,10.0,0
3614,137,4.0,0
3615,141,-131.0,1
3616,10,16.0,0
3617,26,3.0,0
3618,29,7.0,0
3619,36,9.0,0
3620,45,14.0,0
3621,59,10.0,0
3622,69,9.0,0
3623,78,18.0,0
3624,96,7.0,0
3625,103,15.0,0
3626,118,12.0,0
3627,130,7.0,0
3628,137,-125.0,1
3629,12,10.0,0
3630,22,9.0,0
3631,31,9.0,0
3632,40,14.0,0
3633,54,15.0,0
3634,69,5.0,0
3635,74,6.0,0
3636,80,9.0,0
3637,89,14.0,0
3638,103,5.0,0
3639,108,13.0,0
3640,121,-113.0,1
3641,8,10.0,0
3642,18,6.0,0
3643,24,6.0,0
3644,30,8.0,0
3645,38,7.0,0
3646,45,9.0,0
3647,54,10.0,0
3648,64,9.0,0
3649,73,7.0,0
3650,80,14.0,0
3651,94,1.0,0
3652,95,10.0,0
3653,105,23.0,0
3654,128,12.0,0
3655,140,10.0,0
3656,150,8.0,0
3657,158,-152.0,1
3658,6,10.0,0
3659,16,12.0,0
3660,28,7.0,0
3661,35,14.0,0
3662,49,9.0,0
3663,58,9.0,0
3664,67,8.0,0
3665,75,10.0,0
3666,85,-80.0,1
3667,5,8.0,0
3668,13,8.0,0
3669,21,7.0,0
3670,28,4.0,0
3671,32,14.0,0
3672,46,10.0,0
3673,56,5.0,0
3674,61,9.0,0
3675,70,21.0,0
3676,91,13.0,0
3677,104,4.0,0
3678,108,-95.0,1
3679,13,8.0,0
3680,21,4.0,0
3681,25,7.0,0
3682,32,10.0,0
3683,42,9.0,0
3684,51,21.0,0
3685,72,5.0,0
3686,77,17.0,0
3687,94,12.0,0
3688,106,9.0,0
3689,115,10.0,0
3690,125,14.0,0
3691,139,9.0,0
3692,148,8.0,0
3693,156,16.0,0
3694,172,-162.0,1
3695,10,8.0,0
3696,18,6.0,0
3697,24,15.0,0
3698,39,8.0,0
3699,47,6.0,0
3700,53,20.0,0
3701,73,10.0,0
3702,83,11.0,0
3703,94,18.0,0
3704,112,7.0,0
3705,119,12.0,0
3706,131,16.0,0
3707,147,15.0,0
3708,162,13.0,0
3709,175,-161.0,1
3710,14,12.0,0
3711,26,14.0,0
3712,40,10.0,0
3713,50,7.0,0
3714,57,4.0,0
3715,61,11.0,0
3716,72,10.0,0
3717,82,-74.0,1
3718,8,13.0,0
3719,21,9.0,0
3720,30,12.0,0
3721,42,13.0,0
3722,55,2.0,0
3723,57,6.0,0
3724,63,9.0,0
3725,72,9.0,0
3726,81,11.0,0
3727,92,8.0,0
3728,100,22.0,0
3729,122,22.0,0
3730,144,9.0,0
3731,153,-145.0,1
3732,8,14.0,0
3733,22,10.0,0
3734,32,8.0,0
3735,40,14.0,0
3736,54,16.0,0
3737,70,8.0,0
3738,78,14.0,0
3739,92,12.0,0
3740,104,14.0,0
3741,118,6.0,0
3742,124,-120.0,1
3743,4,14.0,0
3744,18,12.0,0
3745,30,11.0,0
3746,41,20.0,0
3747,61,6.0,0
3748,67,2.0,0
3749,69,5.0,0
3750,74,11.0,0
3751,85,3.0,0
3752,88,5.0,0
3753,93,5.0,0
3754,98,9.0,0
3755,107,8.0,0
3756,115,-104.0,1
3757,11,16.0,0
3758,27,2.0,0
3759,29,19.0,0
3760,48,3.0,0
3761,51,7.0,0
3762,58,6.0,0
3763,64,9.0,0
3764,73,8.0,0
3765,81,6.0,0
3766,87,6.0,0
3767,93,11.0,0
3768,104,7.0,0
3769,111,10.0,0
3770,121,8.0,0
3771,129,14.0,0
3772,143,10.0,0
3773,153,-144.0,1
3774,9,13.0,0
3775,22,13.0,0
3776,35,17.0,0
3777,52,16.0,0
3778,68,6.0,0
3779,74,9.0,0
3780,83,10.0,0
3781,93,-83.0,1
3782,10,10.0,0
3783,20,10.0,0
3784,30,4.0,0
3785,34,10.0,0
3786,44,13.0,0
3787,57,8.0,0
3788,65,3.0,0
3789,68,-56.0,1
3790,12,14.0,0
3791,26,2.0,0
3792,28,19.0,0
3793,47,10.0,0
3794,57,7.0,0
3795,64,11.0,0
3796,75,7.0,0
3797,82,5.0,0
3798,87,17.0,0
3799,104,16.0,0
3800,120,15.0,0
3801,135,10.0,0
3802,145,8.0,0
3803,153,7.0,0
3804,160,-151.0,1
3805,9,20.0,0
3806,29,8.0,0
3807,37,8.0,0
3808,45,9.0,0
3809,54,14.0,0
3810,68,9.0,0
3811,77,11.0,0
3812,88,9.0,0
3813,97,13.0,0
3814,110,11.0,0
3815,121,10.0,0
3816,131,4.0,0
3817,135,10.0,0
3818,145,-137.0,1
3819,8,20.0,0
3820,28,13.0,0
3821,41,13.0,0
3822,54,12.0,0
3823,66,12.0,0
3824,78,3.0,0
3825,81,7.0,0
3826,88,6.0,0
3827,94,8.0,0
3828,102,-91.0,1
3829,11,3.0,0
3830,14,3.0,0
3831,17,14.0,0
3832,31,13.0,0
3833,44,10.0,0
3834,54,13.0,0
3835,67,7.0,0
3836,74,15.0,0
3837,89,12.0,0
3838,101,23.0,0
3839,124,6.0,0
3840,130,-116.0,1
3841,14,10.0,0
3842,24,8.0,0
3843,32,5.0,0
3844,37,16.0,0
3845,53,7.0,0
3846,60,16.0,0
3847,76,8.0,0
3848,84,4.0,0
3849,88,8.0,0
3850,96,5.0,0
3851,101,3.0,0
3852,104,11.0,0
3853,115,-108.0,1
3854,7,8.0,0
3855,15,13.0,0
3856,28,11.0,0
3857,39,8.0,0
3858,47,11.0,0
3859,58,15.0,0
3860,73,11.0,0
3861,84,9.0,0
3862,93,19.0,0
3863,112,7.0,0
3864,119,-105.0,1
3865,14,10.0,0
3866,24,13.0,0
3867,37,8.0,0
3868,45,12.0,0
3869,57,10.0,0
3870,67,10.0,0
3871,77,15.0,0
3872,92,13.0,0
3873,105,8.0,0
3874,113,13.0,0
3875,126,8.0,0
3876,134,11.0,0
3877,145,3.0,0
3878,148,-138.0,1
3879,10,15.0,0
3880,25,7.0,0
3881,32,6.0,0
3882,38,4.0,0
3883,42,14.0,0
3884,56,11.0,0
3885,67,14.0,0
3886,81,9.0,0
3887,90,19.0,0
3888,109,7.0,0
3889,116,21.0,0
3890,137,5.0,0
3891,142,5.0,0
3892,147,-138.0,1
3893,9,18.0,0
3894,27,14.0,0
3895,41,12.0,0
3896,53,16.0,0
3897,69,14.0,0
3898,83,17.0,0
3899,100,11.0,0
3900,111,-103.0,1
3901,8,12.0,0
3902,20,16.0,0
3903,36,15.0,0
3904,51,12.0,0
3905,63,23.0,0
3906,86,9.0,0
3907,95,18.0,0
3908,113,11.0,0
3909,124,-107.0,1
3910,17,11.0,0
3911,28,9.0,0
3912,37,10.0,0
3913,47,8.0,0
3914,55,7.0,0
3915,62,9.0,0
3916,71,9.0,0
3917,80,14.0,0
3918,94,-87.0,1
3919,7,13.0,0
3920,20,10.0,0
3921,30,16.0,0
3922,46,9.0,0
3923,55,15.0,0
3924,70,8.0,0
3925,78,10.0,0
3926,88,10.0,0
3927,98,-90.0,1
3928,8,8.0,0
3929,16,12.0,0
3930,28,8.0,0
3931,36,7.0,0
3932,43,19.0,0
3933,62,8.0,0
3934,70,-60.0,1
3935,10,12.0,0
3936,22,11.0,0
3937,33,9.0,0
3938,42,11.0,0
3939,53,7.0,0
3940,60,16.0,0
3941,76,7.0,0
3942,83,12.0,0
3943,95,10.0,0
3944,105,-83.0,1
3945,22,8.0,0
3946,30,7.0,0
3947,37,9.0,0
3948,46,7.0,0
3949,53,7.0,0
3950,60,11.0,0
3951,71,-60.0,1
3952,11,9.0,0
3953,20,13.0,0
3954,33,6.0,0
3955,39,9.0,0
3956,48,12.0,0
3957,60,10.0,0
3958,70,7.0,0
3959,77,6.0,0
3960,83,24.0,0
3961,107,6.0,0
3962,113,11.0,0
3963,124,-120.0,1
3964,4,10.0,0
3965,14,8.0,0
3966,22,8.0,0
3967,30,10.0,0
3968,40,20.0,0
3969,60,2.0,0
3970,62,10.0,0
3971,72,11.0,0
3972,83,11.0,0
3973,94,10.0,0
3974,104,-95.0,1
3975,9,5.0,0
3976,14,13.0,0
3977,27,10.0,0
3978,37,15.0,0
3979,52,13.0,0
3980,65,11.0,0
3981,76,-66.0,1
3982,10,21.0,0
3983,31,8.0,0
3984,39,9.0,0
3985,48,11.0,0
3986,59,6.0,0
3987,65,6.0,0
3988,71,11.0,0
3989,82,12.0,0
3990,94,13.0,0
3991,107,11.0,0
3992,118,11.0,0
3993,129,17.0,0
3994,146,7.0,0
3995,153,16.0,0
3996,169,4.0,0
3997,173,-166.0,1
3998,7,3.0,0
3999,10,9.0,0
4000,19,18.0,0
4001,37,11.0,0
4002,48,5.0,0
4003,53,11.0,0
4004,64,8.0,0
4005,72,8.0,0
4006,80,4.0,0
4007,84,4.0,0
4008,88,12.0,0
4009,100,8.0,0
4010,108,12.0,0
4011,120,14.0,0
4012,134,13.0,0
4013,147,-141.0,1
4014,6,6.0,0
4015,12,8.0,0
4016,20,10.0,0
4017,30,7.0,0
4018,37,12.0,0
4019,49,11.0,0
4020,60,11.0,0
4021,71,13.0,0
4022,84,13.0,0
4023,97,11.0,0
4024,108,-99.0,1
4025,9,5.0,0
4026,14,3.0,0
4027,17,9.0,0
4028,26,17.0,0
4029,43,11.0,0
4030,54,15.0,0
4031,69,5.0,0
4032,74,10.0,0
4033,84,12.0,0
4034,96,13.0,0
4035,109,14.0,0
4036,123,14.0,0
4037,137,-122.0,1
4038,15,9.0,0
4039,24,9.0,0
4040,33,14.0,0
4041,47,9.0,0
4042,56,6.0,0
4043,62,11.0,0
4044,73,9.0,0
4045,82,7.0,0
4046,89,15.0,0
4047,104,14.0,0
4048,118,-112.0,1
4049,6,10.0,0
4050,16,4.0,0
4051,20,8.0,0
4052,28,5.0,0
4053,33,8.0,0
4054,41,11.0,0
4055,52,2.0,0
4056,54,9.0,0
4057,63,11.0,0
4058,74,4.0,0
4059,78,16.0,0
4060,94,-81.0,1
4061,13,7.0,0
4062,20,13.0,0
4063,33,6.0,0
4064,39,16.0,0
4065,55,17.0,0
4066,72,7.0,0
4067,79,13.0,0
4068,92,17.0,0
4069,109,12.0,0
4070,121,8.0,0
4071,129,-118.0,1
4072,11,1.0,0
4073,12,22.0,0
4074,34,7.0,0
4075,41,8.0,0
4076,49,17.0,0
4077,66,8.0,0
4078,74,14.0,0
4079,88,7.0,0
4080,95,3.0,0
4081,98,-92.0,1
4082,6,7.0,0
4083,13,7.0,0
4084,20,6.0,0
4085,26,13.0,0
4086,39,8.0,0
4087,47,12.0,0
4088,59,20.0,0
4089,79,6.0,0
4090,85,4.0,0
4091,89,7.0,0
4092,96,18.0,0
4093,114,10.0,0
4094,124,-114.0,1
4095,10,7.0,0
4096,17,11.0,0
4097,28,12.0,0
4098,40,7.0,0
4099,47,7.0,0
4100,54,8.0,0
4101,62,2.0,0
4102,64,4.0,0
4103,68,4.0,0
4104,72,6.0,0
4105,78,5.0,0
4106,83,14.0,0
4107,97,8.0,0
4108,105,22.0,0
4109,127,-108.0,1
4110,19,17.0,0
4111,36,15.0,0
4112,51,4.0,0
4113,55,8.0,0
4114,63,10.0,0
4115,73,8.0,0
4116,81,13.0,0
4117,94,12.0,0
4118,106,11.0,0
4119,117,9.0,0
4120,126,8.0,0
4121,134,-128.0,1
4122,6,18.0,0
4123,24,8.0,0
4124,32,12.0,0
4125,44,8.0,0
4126,52,5.0,0
4127,57,7.0,0
4128,64,11.0,0
4129,75,8.0,0
4130,83,8.0,0
4131,91,13.0,0
4132,104,-86.0,1
4133,18,4.0,0
4134,22,5.0,0
4135,27,15.0,0
4136,42,8.0,0
4137,50,10.0,0
4138,60,11.0,0
4139,71,12.0,0
4140,83,7.0,0
4141,90,10.0,0
4142,100,4.0,0
4143,104,20.0,0
4144,124,-115.0,1
4145,9,5.0,0
4146,14,11.0,0
4147,25,7.0,0
4148,32,6.0,0
4149,38,9.0,0
4150,47,14.0,0
4151,61,3.0,0
4152,64,13.0,0
4153,77,5.0,0
4154,82,10.0,0
4155,92,20.0,0
4156,112,5.0,0
4157,117,6.0,0
4158,123,10.0,0
4159,133,6.0,0
4160,139,10.0,0
4161,149,4.0,0
4162,153,5.0,0
4163,158,-142.0,1
4164,16,6.0,0
4165,22,9.0,0
4166,31,14.0,0
4167,45,12.0,0
4168,57,10.0,0
4169,67,7.0,0
4170,74,6.0,0
4171,80,10.0,0
4172,90,6.0,0
4173,96,8.0,0
4174,104,14.0,0
4175,118,18.0,0
4176,136,-129.0,1
4177,7,15.0,0
4178,22,8.0,0
4179,30,10.0,0
4180,40,8.0,0
4181,48,16.0,0
4182,64,11.0,0
4183,75,4.0,0
4184,79,10.0,0
4185,89,16.0,0
4186,105,7.0,0
4187,112,9.0,0
4188,121,-114.0,1
4189,7,16.0,0
4190,23,6.0,0
4191,29,10.0,0
4192,39,10.0,0
4193,49,6.0,0
4194,55,8.0,0
4195,63,5.0,0
4196,68,9.0,0
4197,77,-69.0,1
4198,8,6.0,0
4199,14,10.0,0
4200,24,7.0,0
4201,31,8.0,0
4202,39,15.0,0
4203,54,6.0,0
4204,60,4.0,0
4205,64,8.0,0
4206,72,9.0,0
4207,81,10.0,0
4208,91,20.0,0
4209,111,10.0,0
4210,121,17.0,0
4211,138,22.0,0
4212,160,-154.0,1
4213,6,5.0,0
4214,11,10.0,0
4215,21,10.0,0
4216,31,7.0,0
4217,38,10.0,0
4218,48,10.0,0
4219,58,15.0,0
4220,73,15.0,0
4221,88,5.0,0
4222,93,3.0,0
4223,96,10.0,0
4224,106,-89.0,1
4225,17,8.0,0
4226,25,8.0,0
4227,33,8.0,0
4228,41,4.0,0
4229,45,8.0,0
4230,53,6.0,0
4231,59,5.0,0
4232,64,-54.0,1
4233,10,12.0,0
4234,22,11.0,0
4235,33,9.0,0
4236,42,10.0,0
4237,52,18.0,0
4238,70,7.0,0
4239,77,-70.0,1
4240,7,8.0,0
4241,15,11.0,0
4242,26,3.0,0
4243,29,13.0,0
4244,42,8.0,0
4245,50,10.0,0
4246,60,8.0,0
4247,68,14.0,0
4248,82,3.0,0
4249,85,6.0,0
4250,91,6.0,0
4251,97,6.0,0
4252,103,9.0,0
4253,112,11.0,0
4254,123,10.0,0
4255,133,12.0,0
4256,145,-142.0,1
4257,3,9.0,0
4258,12,9.0,0
4259,21,13.0,0
4260,34,10.0,0
4261,44,13.0,0
4262,57,4.0,0
4263,61,16.0,0
4264,77,17.0,0
4265,94,6.0,0
4266,100,16.0,0
4267,116,3.0,0
4268,119,9.0,0
4269,128,16.0,0
4270,144,11.0,0
4271,155,1.0,0
4272,156,-149.0,1
4273,7,10.0,0
4274,17,7.0,0
4275,24,8.0,0
4276,32,12.0,0
4277,44,6.0,0
4278,50,18.0,0
4279,68,6.0,0
4280,74,16.0,0
4281,90,6.0,0
4282,96,12.0,0
4283,108,16.0,0
4284,124,20.0,0
4285,144,14.0,0
4286,158,-143.0,1
4287,15,11.0,0
4288,26,6.0,0
4289,32,10.0,0
4290,42,4.0,0
4291,46,6.0,0
4292,52,7.0,0
4293,59,14.0,0
4294,73,4.0,0
4295,77,8.0,0
4296,85,10.0,0
4297,95,8.0,0
4298,103,12.0,0
4299,115,6.0,0
4300,121,-114.0,1
4301,7,14.0,0
4302,21,7.0,0
4303,28,6.0,0
4304,34,11.0,0
4305,45,17.0,0
4306,62,16.0,0
4307,78,13.0,0
4308,91,-84.0,1
4309,7,11.0,0
4310,18,7.0,0
4311,25,7.0,0
4312,32,7.0,0
4313,39,11.0,0
4314,50,9.0,0
4315,59,8.0,0
4316,67,4.0,0
4317,71,8.0,0
4318,79,9.0,0
4319,88,15.0,0
4320,103,13.0,0
4321,116,5.0,0
4322,121,-114.0,1
4323,7,10.0,0
4324,17,16.0,0
4325,33,10.0,0
4326,43,6.0,0
4327,49,13.0,0
4328,62,10.0,0
4329,72,17.0,0
4330,89,9.0,0
4331,98,10.0,0
4332,108,14.0,0
4333,122,-118.0,1
4334,4,9.0,0
4335,13,5.0,0
4336,18,16.0,0
4337,34,10.0,0
4338,44,9.0,0
4339,53,12.0,0
4340,65,6.0,0
4341,71,10.0,0
4342,81,13.0,0
4343,94,-88.0,1
4344,6,8.0,0
4345,14,26.0,0
4346,40,12.0,0
4347,52,9.0,0
4348,61,3.0,0
4349,64,6.0,0
4350,70,8.0,0
4351,78,1.0,0
4352,79,11.0,0
4353,90,11.0,0
4354,101,8.0,0
4355,109,4.0,0
4356,113,-109.0,1
4357,4,18.0,0
4358,22,9.0,0
4359,31,4.0,0
4360,35,12.0,0
4361,47,8.0,0
4362,55,-43.0,1
4363,12,16.0,0
4364,28,3.0,0
4365,31,8.0,0
4366,39,12.0,0
4367,51,13.0,0
4368,64,19.0,0
4369,83,13.0,0
4370,96,5.0,0
4371,101,12.0,0
4372,113,7.0,0
4373,120,11.0,0
4374,131,9.0,0
4375,140,10.0,0
4376,150,-143.0,1
4377,7,4.0,0
4378,11,5.0,0
4379,16,11.0,0
4380,27,10.0,0
4381,37,8.0,0
4382,45,11.0,0
4383,56,15.0,0
4384,71,4.0,0
4385,75,13.0,0
4386,88,20.0,0
4387,108,8.0,0
4388,116,16.0,0
4389,132,7.0,0
4390,139,-125.0,1
4391,14,11.0,0
4392,25,10.0,0
4393,35,9.0,0
4394,44,9.0,0
4395,53,19.0,0
4396,72,5.0,0
4397,77,9.0,0
4398,86,9.0,0
4399,95,8.0,0
4400,103,-91.0,1
4401,12,7.0,0
4402,19,12.0,0
4403,31,10.0,0
4404,41,12.0,0
4405,53,9.0,0
4406,62,13.0,0
4407,75,6.0,0
4408,81,9.0,0
4409,90,-75.0,1
4410,15,15.0,0
4411,30,11.0,0
4412,41,10.0,0
4413,51,7.0,0
4414,58,14.0,0
4415,72,9.0,0
4416,81,8.0,0
4417,89,15.0,0
4418,104,7.0,0
4419,111,12.0,0
4420,123,15.0,0
4421,138,9.0,0
4422,147,5.0,0
4423,152,-137.0,1
4424,15,7.0,0
4425,22,10.0,0
4426,32,7.0,0
4427,39,2.0,0
4428,41,13.0,0
4429,54,6.0,0
4430,60,11.0,0
4431,71,3.0,0
4432,74,16.0,0
4433,90,10.0,0
4434,100,5.0,0
4435,105,6.0,0
4436,111,13.0,0
4437,124,-116.0,1
4438,8,8.0,0
4439,16,13.0,0
4440,29,7.0,0
4441,36,7.0,0
4442,43,5.0,0
4443,48,11.0,0
4444,59,15.0,0
4445,74,8.0,0
4446,82,11.0,0
4447,93,6.0,0
4448,99,6.0,0
4449,105,-100.0,1
4450,5,5.0,0
4451,10,20.0,0
4452,30,12.0,0
4453,42,15.0,0
4454,57,7.0,0
4455,64,10.0,0
4456,74,10.0,0
4457,84,11.0,0
4458,95,-80.0,1
4459,15,15.0,0
4460,30,9.0,0
4461,39,3.0,0
4462,42,7.0,0
4463,49,7.0,0
4464,56,5.0,0
4465,61,18.0,0
4466,79,12.0,0
4467,91,13.0,0
4468,104,28.0,0
4469,132,8.0,0
4470,140,18.0,0
4471,158,12.0,0
4472,170,-163.0,1
4473,7,10.0,0
4474,17,14.0,0
4475,31,9.0,0
4476,40,9.0,0
4477,49,8.0,0
4478,57,13.0,0
4479,70,4.0,0
4480,74,8.0,0
4481,82,4.0,0
4482,86,9.0,0
4483,95,0.0,0
4484,95,-79.0,1
4485,16,7.0,0
4486,23,9.0,0
4487,32,20.0,0
4488,52,21.0,0
4489,73,12.0,0
4490,85,12.0,0
4491,97,4.0,0
4492,101,5.0,0
4493,106,19.0,0
4494,125,-115.0,1
4495,10,14.0,0
4496,24,6.0,0
4497,30,10.0,0
4498,40,5.0,0
4499,45,8.0,0
4500,53,16.0,0
4501,69,16.0,0
4502,85,8.0,0
4503,93,11.0,0
4504,104,13.0,0
4505,117,1.0,0
4506,118,13.0,0
4507,131,-115.0,1
4508,16,8.0,0
4509,24,11.0,0
4510,35,6.0,0
4511,41,12.0,0
4512,53,6.0,0
4513,59,19.0,0
4514,78,7.0,0
4515,85,3.0,0
4516,88,10.0,0
4517,98,12.0,0
4518,110,7.0,0
4519,117,16.0,0
4520,133,5.0,0
4521,138,-128.0,1
4522,10,4.0,0
4523,14,7.0,0
4524,21,14.0,0
4525,35,4.0,0
4526,39,6.0,0
4527,45,10.0,0
4528,55,15.0,0
4529,70,7.0,0
4530,77,17.0,0
4531,94,9.0,0
4532,103,4.0,0
4533,107,12.0,0
4534,119,8.0,0
4535,127,10.0,0
4536,137,15.0,0
4537,152,8.0,0
4538,160,4.0,0
4539,164,-157.0,1
4540,7,16.0,0
4541,23,5.0,0
4542,28,7.0,0
4543,35,6.0,0
4544,41,11.0,0
4545,52,13.0,0
4546,65,9.0,0
4547,74,12.0,0
4548,86,6.0,0
4549,92,15.0,0
4550,107,24.0,0
4551,131,9.0,0
4552,140,-129.0,1
4553,11,18.0,0
4554,29,2.0,0
4555,31,8.0,0
4556,39,13.0,0
4557,52,7.0,0
4558,59,11.0,0
4559,70,11.0,0
4560,81,7.0,0
4561,88,9.0,0
4562,97,9.0,0
4563,106,7.0,0
4564,113,14.0,0
4565,127,7.0,0
4566,134,-127.0,1
4567,7,8.0,0
4568,15,7.0,0
4569,22,12.0,0
4570,34,11.0,0
4571,45,2.0,0
4572,47,6.0,0
4573,53,4.0,0
4574,57,7.0,0
4575,64,19.0,0
4576,83,5.0,0
4577,88,8.0,0
4578,96,8.0,0
4579,104,13.0,0
4580,117,13.0,0
4581,130,5.0,0
4582,135,9.0,0
4583,144,17.0,0
4584,161,7.0,0
4585,168,4.0,0
4586,172,18.0,0
4587,190,11.0,0
4588,201,-194.0,1
4589,7,12.0,0
4590,19,6.0,0
4591,25,6.0,0
4592,31,13.0,0
4593,44,6.0,0
4594,50,12.0,0
4595,62,3.0,0
4596,65,10.0,0
4597,75,8.0,0
4598,83,17.0,0
4599,100,5.0,0
4600,105,7.0,0
4601,112,6.0,0
4602,118,6.0,0
4603,124,7.0,0
4604,131,2.0,0
4605,133,-115.0,1
4606,18,9.0,0
4607,27,13.0,0
4608,40,9.0,0
4609,49,11.0,0
4610,60,4.0,0
4611,64,5.0,0
4612,69,6.0,0
4613,75,11.0,0
4614,86,13.0,0
4615,99,9.0,0
4616,108,2.0,0
4617,110,14.0,0
4618,124,10.0,0
4619,134,6.0,0
4620,140,5.0,0
4621,145,11.0,0
4622,156,-149.0,1
4623,7,9.0,0
4624,16,9.0,0
4625,25,3.0,0
4626,28,10.0,0
4627,38,20.0,0
4628,58,10.0,0
4629,68,5.0,0
4630,73,9.0,0
4631,82,13.0,0
4632,95,9.0,0
4633,104,-95.0,1
4634,9,15.0,0
4635,24,12.0,0
4636,36,15.0,0
4637,51,12.0,0
4638,63,6.0,0
4639,69,10.0,0
4640,79,17.0,0
4641,96,10.0,0
4642,106,9.0,0
4643,115,9.0,0
4644,124,1.0,0
4645,125,21.0,0
4646,146,-136.0,1
4647,10,3.0,0
4648,13,6.0,0
4649,19,10.0,0
4650,29,7.0,0
4651,36,7.0,0
4652,43,6.0,0
4653,49,3.0,0
4654,52,7.0,0
4655,59,14.0,0
4656,73,4.0,0
4657,77,4.0,0
4658,81,11.0,0
4659,92,15.0,0
4660,107,6.0,0
4661,113,11.0,0
4662,124,-119.0,1
4663,5,13.0,0
4664,18,8.0,0
4665,26,11.0,0
4666,37,8.0,0
4667,45,17.0,0
4668,62,6.0,0
4669,68,17.0,0
4670,85,17.0,0
4671,102,15.0,0
4672,117,4.0,0
4673,121,19.0,0
4674,140,7.0,0
4675,147,7.0,0
4676,154,16.0,0
4677,170,12.0,0
4678,182,-175.0,1
4679,7,14.0,0
4680,21,25.0,0
4681,46,10.0,0
4682,56,3.0,0
4683,59,7.0,0
4684,66,8.0,0
4685,74,17.0,0
4686,91,14.0,0
4687,105,14.0,0
4688,119,16.0,0
4689,135,16.0,0
4690,151,19.0,0
4691,170,-161.0,1
4692,9,4.0,0
4693,13,8.0,0
4694,21,14.0,0
4695,35,7.0,0
4696,42,9.0,0
4697,51,7.0,0
4698,58,12.0,0
4699,70,4.0,0
4700,74,6.0,0
4701,80,10.0,0
4702,90,7.0,0
4703,97,5.0,0
4704,102,6.0,0
4705,108,12.0,0
4706,120,7.0,0
4707,127,5.0,0
4708,132,11.0,0
4709,143,-132.0,1
4710,11,9.0,0
4711,20,5.0,0
4712,25,19.0,0
4713,44,11.0,0
4714,55,6.0,0
4715,61,6.0,0
4716,67,7.0,0
4717,74,13.0,0
4718,87,4.0,0
4719,91,6.0,0
4720,97,11.0,0
4721,108,8.0,0
4722,116,-108.0,1
4723,8,7.0,0
4724,15,19.0,0
4725,34,13.0,0
4726,47,14.0,0
4727,61,8.0,0
4728,69,14.0,0
4729,83,15.0,0
4730,98,5.0,0
4731,103,11.0,0
4732,114,6.0,0
4733,120,5.0,0
4734,125,18.0,0
4735,143,4.0,0
4736,147,16.0,0
4737,163,-150.0,1
4738,13,11.0,0
4739,24,7.0,0
4740,31,3.0,0
4741,34,8.0,0
4742,42,20.0,0
4743,62,6.0,0
4744,68,16.0,0
4745,84,-75.0,1
4746,9,16.0,0
4747,25,8.0,0
4748,33,3.0,0
4749,36,10.0,0
4750,46,24.0,0
4751,70,11.0,0
4752,81,8.0,0
4753,89,14.0,0
4754,103,-96.0,1
4755,7,8.0,0
4756,15,17.0,0
4757,32,3.0,0
4758,35,3.0,0
4759,38,8.0,0
4760,46,13.0,0
4761,59,2.0,0
4762,61,7.0,0
4763,68,14.0,0
4764,82,9.0,0
4765,91,19.0,0
4766,110,17.0,0
4767,127,-115.0,1
4768,12,7.0,0
4769,19,16.0,0
4770,35,5.0,0
4771,40,12.0,0
4772,52,7.0,0
4773,59,4.0,0
4774,63,-50.0,1
4775,13,3.0,0
4776,16,7.0,0
4777,23,10.0,0
4778,33,8.0,0
4779,41,12.0,0
4780,53,8.0,0
4781,61,6.0,0
4782,67,13.0,0
4783,80,5.0,0
4784,85,-74.0,1
4785,11,7.0,0
4786,18,12.0,0
4787,30,15.0,0
4788,45,9.0,0
4789,54,8.0,0
4790,62,5.0,0
4791,67,19.0,0
4792,86,13.0,0
4793,99,15.0,0
4794,114,11.0,0
4795,125,8.0,0
4796,133,16.0,0
4797,149,-136.0,1
4798,13,10.0,0
4799,23,8.0,0
4800,31,10.0,0
4801,41,7.0,0
4802,48,7.0,0
4803,55,14.0,0
4804,69,10.0,0
4805,79,5.0,0
4806,84,11.0,0
4807,95,-81.0,1
4808,14,15.0,0
4809,29,3.0,0
4810,32,4.0,0
4811,36,10.0,0
4812,46,12.0,0
4813,58,11.0,0
4814,69,9.0,0
4815,78,11.0,0
4816,89,20.0,0
4817,109,-101.0,1
4818,8,9.0,0
4819,17,6.0,0
4820,23,10.0,0
4821,33,5.0,0
4822,38,2.0,0
4823,40,5.0,0
4824,45,7.0,0
4825,52,12.0,0
4826,64,9.0,0
4827,73,10.0,0
4828,83,8.0,0
4829,91,12.0,0
4830,103,9.0,0
4831,112,14.0,0
4832,126,15.0,0
4833,141,-121.0,1
4834,20,12.0,0
4835,32,10.0,0
4836,42,12.0,0
4837,54,5.0,0
4838,59,7.0,0
4839,66,7.0,0
4840,73,6.0,0
4841,79,4.0,0
4842,83,8.0,0
4843,91,4.0,0
4844,95,7.0,0
4845,102,13.0,0
4846,115,13.0,0
4847,128,5.0,0
4848,133,14.0,0
4849,147,9.0,0
4850,156,-148.0,1
4851,8,9.0,0
4852,17,16.0,0
4853,33,6.0,0
4854,39,8.0,0
4855,47,2.0,0
4856,49,7.0,0
4857,56,3.0,0
4858,59,14.0,0
4859,73,16.0,0
4860,89,13.0,0
4861,102,11.0,0
4862,113,12.0,0
4863,125,8.0,0
4864,133,-118.0,1
4865,15,15.0,0
4866,30,7.0,0
4867,37,7.0,0
4868,44,2.0,0
4869,46,13.0,0
4870,59,5.0,0
4871,64,14.0,0
4872,78,3.0,0
4873,81,7.0,0
4874,88,11.0,0
4875,99,10.0,0
4876,109,8.0,0
4877,117,17.0,0
4878,134,14.0,0
4879,148,10.0,0
4880,158,-154.0,1
4881,4,11.0,0
4882,15,7.0,0
4883,22,8.0,0
4884,30,18.0,0
4885,48,13.0,0
4886,61,9.0,0
4887,70,14.0,0
4888,84,15.0,0
4889,99,6.0,0
4890,105,-99.0,1
4891,6,9.0,0
4892,15,9.0,0
4893,24,14.0,0
4894,38,4.0,0
4895,42,7.0,0
4896,49,12.0,0
4897,61,7.0,0
4898,68,18.0,0
4899,86,17.0,0
4900,103,1.0,0
4901,104,5.0,0
4902,109,5.0,0
4903,114,17.0,0
4904,131,8.0,0
4905,139,-126.0,1
4906,13,14.0,0
4907,27,10.0,0
4908,37,12.0,0
4909,49,10.0,0
4910,59,10.0,0
4911,69,12.0,0
4912,81,6.0,0
4913,87,5.0,0
4914,92,11.0,0
4915,103,11.0,0
4916,114,10.0,0
4917,124,8.0,0
4918,132,5.0,0
4919,137,4.0,0
4920,141,-124.0,1
4921,17,12.0,0
4922,29,9.0,0
4923,38,9.0,0
4924,47,17.0,0
4925,64,11.0,0
4926,75,14.0,0
4927,89,13.0,0
4928,102,2.0,0
4929,104,-94.0,1
4930,10,5.0,0
4931,15,18.0,0
4932,33,5.0,0
4933,38,9.0,0
4934,47,18.0,0
4935,65,12.0,0
4936,77,6.0,0
4937,83,9.0,0
4938,92,9.0,0
4939,101,20.0,0
4940,121,-114.0,1
4941,7,4.0,0
4942,11,9.0,0
4943,20,8.0,0
4944,28,4.0,0
4945,32,6.0,0
4946,38,9.0,0
4947,47,-37.0,1
4948,10,12.0,0
4949,22,9.0,0
4950,31,11.0,0
4951,42,5.0,0
4952,47,9.0,0
4953,56,10.0,0
4954,66,18.0,0
4955,84,3.0,0
4956,87,9.0,0
4957,96,13.0,0
4958,109,-94.0,1
4959,15,7.0,0
4960,22,13.0,0
4961,35,10.0,0
4962,45,12.0,0
4963,57,18.0,0
4964,75,6.0,0
4965,81,-72.0,1
4966,9,6.0,0
4967,15,8.0,0
4968,23,10.0,0
4969,33,13.0,0
4970,46,5.0,0
4971,51,12.0,0
4972,63,17.0,0
4973,80,13.0,0
4974,93,-80.0,1
4975,13,2.0,0
4976,15,8.0,0
4977,23,5.0,0
4978,28,8.0,0
4979,36,11.0,0
4980,47,9.0,0
4981,56,6.0,0
4982,62,7.0,0
4983,69,13.0,0
4984,82,20.0,0
4985,102,8.0,0
4986,110,10.0,0
4987,120,10.0,0
4988,130,-123.0,1
4989,7,8.0,0
4990,15,11.0,0
4991,26,10.0,0
4992,36,7.0,0
4993,43,5.0,0
4994,48,5.0,0
4995,53,7.0,0
4996,60,14.0,0
4997,74,17.0,0
4998,91,-87.0,1
4999,4,,0
